year,team,total_picks,weighted_draft_score,first_round_picks,second_round_picks
2005,Utah,5,14,1,0
2005,Auburn,5,29,4,0
2005,Michigan,3,19,2,1
2005,Texas,3,15,2,0
2005,West Virginia,3,13,1,0
2005,South Carolina,3,9,1,0
2005,Miami,5,21,1,1
2005,USC,5,25,2,2
2005,Troy,1,7,1,0
2005,Maryland,2,11,1,0
2005,Oklahoma,11,43,2,3
2005,Georgia,6,31,2,2
2005,Florida State,9,34,2,1
2005,Wisconsin,7,19,1,0
2005,LSU,3,15,1,1
2005,Arkansas,2,9,1,0
2005,Nebraska,4,21,1,2
2005,California,5,19,1,1
2005,Ole Miss,3,13,1,1
2005,UAB,1,7,1,0
2005,Northwestern,3,12,1,0
2005,Virginia,7,22,1,0
2005,Fresno State,2,10,1,0
2005,Houston,1,5,0,1
2005,Eastern Washington,1,5,0,1
2005,Tennessee,3,10,0,1
2005,Iowa,5,15,0,2
2005,Ohio State,3,13,0,1
2005,Howard,1,5,0,1
2005,Bethune-Cookman,1,5,0,1
2005,Washington,2,6,0,1
2005,Louisville,6,15,0,1
2005,Oklahoma State,3,10,0,1
2005,Clemson,3,11,0,1
2005,Texas A&M,3,8,0,1
2005,Illinois,2,8,0,1
2005,Northern Colorado,1,5,0,1
2005,San Diego State,3,12,0,1
2005,Syracuse,1,5,0,1
2005,Stanford,6,15,0,0
2005,Akron,1,4,0,0
2005,Indiana,1,4,0,0
2005,Arizona State,3,7,0,0
2005,Florida,3,8,0,0
2005,Notre Dame,2,6,0,0
2005,Virginia Tech,3,8,0,0
2005,Washington State,3,6,0,0
2005,Louisiana Tech,1,4,0,0
2005,Alabama,4,8,0,0
2005,UConn,2,6,0,0
2005,Iowa State,1,4,0,0
2005,Missouri,3,7,0,0
2005,Cal Poly,1,4,0,0
2005,NC State,3,7,0,0
2005,Kentucky,1,4,0,0
2005,Oregon,2,5,0,0
2005,Toledo,1,4,0,0
2005,Purdue,1,3,0,0
2005,Minnesota,1,3,0,0
2005,Southern Illinois,1,3,0,0
2005,Mississippi State,2,5,0,0
2005,Hampton,1,3,0,0
2005,Central Michigan,2,5,0,0
2005,UCLA,4,7,0,0
2005,North Carolina,3,6,0,0
2005,BYU,3,6,0,0
2005,Texas Tech,3,6,0,0
2005,Kansas State,1,3,0,0
2005,New Mexico,2,4,0,0
2005,Tulane,1,3,0,0
2005,Illinois State,1,2,0,0
2005,Kansas,1,2,0,0
2005,North Carolina A&T,1,2,0,0
2005,Cincinnati,3,5,0,0
2005,Miami (OH),1,2,0,0
2005,UNLV,2,4,0,0
2005,Wake Forest,1,2,0,0
2005,Montana,1,2,0,0
2005,Southern Miss,2,3,0,0
2005,TCU,1,2,0,0
2005,Tennessee Tech,1,2,0,0
2005,North Dakota State,1,2,0,0
2005,Temple,1,2,0,0
2005,UL Monroe,1,1,0,0
2005,Oregon State,3,3,0,0
2005,Hawai'i,1,1,0,0
2005,Louisiana,1,1,0,0
2005,Vanderbilt,2,2,0,0
2005,Ball State,3,3,0,0
2005,Colorado State,1,1,0,0
2005,Baylor,1,1,0,0
2005,Michigan State,4,4,0,0
2005,Marshall,1,1,0,0
2005,Pittsburgh,1,1,0,0
2005,UTEP,1,1,0,0
2005,The Citadel,1,1,0,0
2005,Tulsa,1,1,0,0
2005,Eastern Michigan,1,1,0,0
2005,Northern Arizona,1,1,0,0
2005,Bowling Green,1,1,0,0
2005,Harvard,1,1,0,0
2005,Penn State,0,0,0,0
2005,Memphis,0,0,0,0
2005,Boston College,0,0,0,0
2005,Colorado,0,0,0,0
2005,Boise State,0,0,0,0
2005,Western Michigan,0,0,0,0
2005,Alabama State,0,0,0,0
2005,Weber State,0,0,0,0
2005,Northwestern State,0,0,0,0
2005,Georgia Tech,0,0,0,0
2005,UCF,0,0,0,0
2005,East Carolina,0,0,0,0
2005,Furman,0,0,0,0
2005,North Dakota,0,0,0,0
2005,Nevada,0,0,0,0
2005,Cornell,0,0,0,0
2005,Wyoming,0,0,0,0
2005,Texas State,0,0,0,0
2005,Samford,0,0,0,0
2005,Arizona,0,0,0,0
2005,Maine,0,0,0,0
2005,Rutgers,0,0,0,0
2005,Kent State,0,0,0,0
2005,San José State,0,0,0,0
2005,Northern Illinois,0,0,0,0
2005,South Florida,0,0,0,0
2005,Brown,0,0,0,0
2005,Towson,0,0,0,0
2005,Florida International,0,0,0,0
2005,North Carolina Central,0,0,0,0
2005,Alabama A&M,0,0,0,0
2005,New Hampshire,0,0,0,0
2005,Arkansas State,0,0,0,0
2005,Nicholls,0,0,0,0
2005,SMU,0,0,0,0
2005,Portland State,0,0,0,0
2005,Central Arkansas,0,0,0,0
2005,Central Connecticut,0,0,0,0
2005,Delaware,0,0,0,0
2005,Coastal Carolina,0,0,0,0
2005,Elon,0,0,0,0
2005,Tennessee State,0,0,0,0
2005,App State,0,0,0,0
2005,Eastern Kentucky,0,0,0,0
2005,McNeese,0,0,0,0
2005,Northern Iowa,0,0,0,0
2005,Utah State,0,0,0,0
2005,Richmond,0,0,0,0
2005,San Diego,0,0,0,0
2005,Middle Tennessee,0,0,0,0
2005,Buffalo,0,0,0,0
2005,Jackson State,0,0,0,0
2005,Villanova,0,0,0,0
2005,Gardner-Webb,0,0,0,0
2005,Ohio,0,0,0,0
2005,Army,0,0,0,0
2005,Idaho,0,0,0,0
2005,Western Illinois,0,0,0,0
2005,William & Mary,0,0,0,0
2005,Rice,0,0,0,0
2005,Sam Houston,0,0,0,0
2005,Monmouth,0,0,0,0
2005,Norfolk State,0,0,0,0
2005,Stephen F. Austin,0,0,0,0
2005,Liberty,0,0,0,0
2005,Massachusetts,0,0,0,0
2005,Missouri State,0,0,0,0
2005,Eastern Illinois,0,0,0,0
2005,Murray State,0,0,0,0
2005,Fordham,0,0,0,0
2005,Florida Atlantic,0,0,0,0
2005,James Madison,0,0,0,0
2005,South Dakota State,0,0,0,0
2005,South Carolina State,0,0,0,0
2005,Lehigh,0,0,0,0
2005,New Mexico State,0,0,0,0
2005,Chattanooga,0,0,0,0
2005,Yale,0,0,0,0
2005,Montana State,0,0,0,0
2005,Florida A&M,0,0,0,0
2005,Presbyterian,0,0,0,0
2005,South Dakota,0,0,0,0
2005,SE Louisiana,0,0,0,0
2005,Arkansas-Pine Bluff,0,0,0,0
2005,Georgia Southern,0,0,0,0
2005,UT Martin,0,0,0,0
2005,Western Kentucky,0,0,0,0
2005,Jacksonville State,0,0,0,0
2005,Princeton,0,0,0,0
2005,Southern Utah,0,0,0,0
2005,Duke,0,0,0,0
2005,Marist,0,0,0,0
2005,Delaware State,0,0,0,0
2005,Texas Southern,0,0,0,0
2005,Navy,0,0,0,0
2005,UTSA,0,0,0,0
2005,South Alabama,0,0,0,0
2005,Charlotte,0,0,0,0
2005,Youngstown State,0,0,0,0
2005,Grambling,0,0,0,0
2005,Lamar,0,0,0,0
2005,Bucknell,0,0,0,0
2005,Drake,0,0,0,0
2005,Georgia State,0,0,0,0
2005,Pennsylvania,0,0,0,0
2005,Wagner,0,0,0,0
2005,Western Carolina,0,0,0,0
2005,Southeast Missouri State,0,0,0,0
2005,Old Dominion,0,0,0,0
2005,Prairie View A&M,0,0,0,0
2005,Morgan State,0,0,0,0
2005,Air Force,0,0,0,0
2005,Dayton,0,0,0,0
2005,Rhode Island,0,0,0,0
2005,North Texas,0,0,0,0
2006,Utah,2,2,0,0
2006,Auburn,4,8,0,1
2006,Michigan,3,7,0,0
2006,Texas,6,26,2,1
2006,West Virginia,1,1,0,0
2006,South Carolina,2,10,1,0
2006,Miami,9,38,1,3
2006,USC,11,44,2,3
2006,Troy,0,0,0,0
2006,Maryland,3,13,1,1
2006,Oklahoma,6,25,1,1
2006,Georgia,7,18,0,1
2006,Florida State,8,39,4,0
2006,Wisconsin,5,14,0,0
2006,LSU,7,23,1,1
2006,Arkansas,1,1,0,0
2006,Nebraska,4,8,0,1
2006,California,3,4,0,0
2006,Ole Miss,1,1,0,0
2006,UAB,0,0,0,0
2006,Northwestern,3,5,0,0
2006,Virginia,5,13,1,0
2006,Fresno State,3,7,0,1
2006,Houston,0,0,0,0
2006,Eastern Washington,0,0,0,0
2006,Tennessee,5,14,1,0
2006,Iowa,2,11,1,0
2006,Ohio State,9,49,5,0
2006,Howard,1,1,0,0
2006,Bethune-Cookman,0,0,0,0
2006,Washington,1,3,0,0
2006,Louisville,4,10,0,0
2006,Oklahoma State,1,1,0,0
2006,Clemson,3,12,1,0
2006,Texas A&M,2,2,0,0
2006,Illinois,0,0,0,0
2006,Northern Colorado,1,1,0,0
2006,San Diego State,2,5,0,0
2006,Syracuse,4,8,0,0
2006,Stanford,4,8,0,0
2006,Akron,1,3,0,0
2006,Indiana,2,6,0,0
2006,Arizona State,2,7,0,0
2006,Florida,3,7,0,1
2006,Notre Dame,3,10,0,1
2006,Virginia Tech,9,21,0,2
2006,Washington State,1,2,0,0
2006,Louisiana Tech,0,0,0,0
2006,Alabama,5,18,0,2
2006,UConn,0,0,0,0
2006,Iowa State,1,2,0,0
2006,Missouri,2,4,0,0
2006,Cal Poly,1,4,0,0
2006,NC State,6,26,3,0
2006,Kentucky,0,0,0,0
2006,Oregon,4,16,1,1
2006,Toledo,1,1,0,0
2006,Purdue,4,12,0,1
2006,Minnesota,4,11,1,0
2006,Southern Illinois,0,0,0,0
2006,Mississippi State,1,4,0,0
2006,Hampton,0,0,0,0
2006,Central Michigan,0,0,0,0
2006,UCLA,3,13,1,1
2006,North Carolina,1,1,0,0
2006,BYU,1,1,0,0
2006,Texas Tech,1,1,0,0
2006,Kansas State,1,1,0,0
2006,New Mexico,2,6,0,1
2006,Tulane,1,1,0,0
2006,Illinois State,1,2,0,0
2006,Kansas,0,0,0,0
2006,North Carolina A&T,0,0,0,0
2006,Cincinnati,0,0,0,0
2006,Miami (OH),1,2,0,0
2006,UNLV,0,0,0,0
2006,Wake Forest,1,1,0,0
2006,Montana,0,0,0,0
2006,Southern Miss,0,0,0,0
2006,TCU,3,6,0,0
2006,Tennessee Tech,0,0,0,0
2006,North Dakota State,0,0,0,0
2006,Temple,0,0,0,0
2006,UL Monroe,0,0,0,0
2006,Oregon State,2,2,0,0
2006,Hawai'i,0,0,0,0
2006,Louisiana,0,0,0,0
2006,Vanderbilt,1,7,1,0
2006,Ball State,0,0,0,0
2006,Colorado State,1,1,0,0
2006,Baylor,1,1,0,0
2006,Michigan State,3,8,0,0
2006,Marshall,0,0,0,0
2006,Pittsburgh,2,5,0,0
2006,UTEP,1,5,0,1
2006,The Citadel,0,0,0,0
2006,Tulsa,1,3,0,0
2006,Eastern Michigan,0,0,0,0
2006,Northern Arizona,0,0,0,0
2006,Bowling Green,1,2,0,0
2006,Harvard,0,0,0,0
2006,Penn State,6,18,1,0
2006,Memphis,2,10,1,0
2006,Boston College,3,15,1,1
2006,Colorado,4,10,0,1
2006,Boise State,1,5,0,1
2006,Western Michigan,2,10,0,2
2006,Alabama State,1,5,0,1
2006,Weber State,2,5,0,0
2006,Northwestern State,1,4,0,0
2006,Georgia Tech,3,9,0,0
2006,UCF,1,3,0,0
2006,East Carolina,1,3,0,0
2006,Furman,1,2,0,0
2006,North Dakota,1,2,0,0
2006,Nevada,1,2,0,0
2006,Cornell,1,1,0,0
2006,Wyoming,1,1,0,0
2006,Texas State,1,1,0,0
2006,Samford,1,1,0,0
2006,Arizona,1,1,0,0
2006,Maine,1,1,0,0
2006,Rutgers,0,0,0,0
2006,Kent State,0,0,0,0
2006,San José State,0,0,0,0
2006,Northern Illinois,0,0,0,0
2006,South Florida,0,0,0,0
2006,Brown,0,0,0,0
2006,Towson,0,0,0,0
2006,Florida International,0,0,0,0
2006,North Carolina Central,0,0,0,0
2006,Alabama A&M,0,0,0,0
2006,New Hampshire,0,0,0,0
2006,Arkansas State,0,0,0,0
2006,Nicholls,0,0,0,0
2006,SMU,0,0,0,0
2006,Portland State,0,0,0,0
2006,Central Arkansas,0,0,0,0
2006,Central Connecticut,0,0,0,0
2006,Delaware,0,0,0,0
2006,Coastal Carolina,0,0,0,0
2006,Elon,0,0,0,0
2006,Tennessee State,0,0,0,0
2006,App State,0,0,0,0
2006,Eastern Kentucky,0,0,0,0
2006,McNeese,0,0,0,0
2006,Northern Iowa,0,0,0,0
2006,Utah State,0,0,0,0
2006,Richmond,0,0,0,0
2006,San Diego,0,0,0,0
2006,Middle Tennessee,0,0,0,0
2006,Buffalo,0,0,0,0
2006,Jackson State,0,0,0,0
2006,Villanova,0,0,0,0
2006,Gardner-Webb,0,0,0,0
2006,Ohio,0,0,0,0
2006,Army,0,0,0,0
2006,Idaho,0,0,0,0
2006,Western Illinois,0,0,0,0
2006,William & Mary,0,0,0,0
2006,Rice,0,0,0,0
2006,Sam Houston,0,0,0,0
2006,Monmouth,0,0,0,0
2006,Norfolk State,0,0,0,0
2006,Stephen F. Austin,0,0,0,0
2006,Liberty,0,0,0,0
2006,Massachusetts,0,0,0,0
2006,Missouri State,0,0,0,0
2006,Eastern Illinois,0,0,0,0
2006,Murray State,0,0,0,0
2006,Fordham,0,0,0,0
2006,Florida Atlantic,0,0,0,0
2006,James Madison,0,0,0,0
2006,South Dakota State,0,0,0,0
2006,South Carolina State,0,0,0,0
2006,Lehigh,0,0,0,0
2006,New Mexico State,0,0,0,0
2006,Chattanooga,0,0,0,0
2006,Yale,0,0,0,0
2006,Montana State,0,0,0,0
2006,Florida A&M,0,0,0,0
2006,Presbyterian,0,0,0,0
2006,South Dakota,0,0,0,0
2006,SE Louisiana,0,0,0,0
2006,Arkansas-Pine Bluff,0,0,0,0
2006,Georgia Southern,0,0,0,0
2006,UT Martin,0,0,0,0
2006,Western Kentucky,0,0,0,0
2006,Jacksonville State,0,0,0,0
2006,Princeton,0,0,0,0
2006,Southern Utah,0,0,0,0
2006,Duke,0,0,0,0
2006,Marist,0,0,0,0
2006,Delaware State,0,0,0,0
2006,Texas Southern,0,0,0,0
2006,Navy,0,0,0,0
2006,UTSA,0,0,0,0
2006,South Alabama,0,0,0,0
2006,Charlotte,0,0,0,0
2006,Youngstown State,0,0,0,0
2006,Grambling,0,0,0,0
2006,Lamar,0,0,0,0
2006,Bucknell,0,0,0,0
2006,Drake,0,0,0,0
2006,Georgia State,0,0,0,0
2006,Pennsylvania,0,0,0,0
2006,Wagner,0,0,0,0
2006,Western Carolina,0,0,0,0
2006,Southeast Missouri State,0,0,0,0
2006,Old Dominion,0,0,0,0
2006,Prairie View A&M,0,0,0,0
2006,Morgan State,0,0,0,0
2006,Air Force,0,0,0,0
2006,Dayton,0,0,0,0
2006,Rhode Island,0,0,0,0
2006,North Texas,0,0,0,0
2007,Utah,2,8,0,1
2007,Auburn,5,16,1,1
2007,Michigan,7,26,1,3
2007,Texas,7,30,2,2
2007,West Virginia,0,0,0,0
2007,South Carolina,2,8,0,1
2007,Miami,5,27,3,0
2007,USC,5,18,0,3
2007,Troy,1,3,0,0
2007,Maryland,2,8,0,1
2007,Oklahoma,3,9,1,0
2007,Georgia,4,12,0,0
2007,Florida State,5,22,1,0
2007,Wisconsin,1,7,1,0
2007,LSU,5,29,4,0
2007,Arkansas,4,18,1,2
2007,Nebraska,4,19,1,1
2007,California,4,16,1,0
2007,Ole Miss,2,8,1,0
2007,UAB,0,0,0,0
2007,Northwestern,0,0,0,0
2007,Virginia,2,2,0,0
2007,Fresno State,4,12,0,0
2007,Houston,1,5,0,1
2007,Eastern Washington,0,0,0,0
2007,Tennessee,6,29,2,2
2007,Iowa,3,8,0,0
2007,Ohio State,8,28,2,0
2007,Howard,0,0,0,0
2007,Bethune-Cookman,0,0,0,0
2007,Washington,2,6,0,0
2007,Louisville,4,14,1,0
2007,Oklahoma State,2,4,0,0
2007,Clemson,5,16,1,0
2007,Texas A&M,0,0,0,0
2007,Illinois,1,1,0,0
2007,Northern Colorado,0,0,0,0
2007,San Diego State,0,0,0,0
2007,Syracuse,2,4,0,0
2007,Stanford,3,10,0,0
2007,Akron,1,4,0,0
2007,Indiana,0,0,0,0
2007,Arizona State,2,6,0,1
2007,Florida,9,28,2,0
2007,Notre Dame,7,21,1,1
2007,Virginia Tech,3,8,0,0
2007,Washington State,2,6,0,0
2007,Louisiana Tech,1,1,0,0
2007,Alabama,3,5,0,0
2007,UConn,1,1,0,0
2007,Iowa State,1,1,0,0
2007,Missouri,1,3,0,0
2007,Cal Poly,1,1,0,0
2007,NC State,3,10,0,0
2007,Kentucky,0,0,0,0
2007,Oregon,3,4,0,0
2007,Toledo,0,0,0,0
2007,Purdue,3,10,1,0
2007,Minnesota,1,4,0,0
2007,Southern Illinois,0,0,0,0
2007,Mississippi State,1,2,0,0
2007,Hampton,1,5,0,1
2007,Central Michigan,3,13,1,1
2007,UCLA,1,2,0,0
2007,North Carolina,0,0,0,0
2007,BYU,1,5,0,1
2007,Texas Tech,3,5,0,0
2007,Kansas State,3,6,0,0
2007,New Mexico,1,4,0,0
2007,Tulane,0,0,0,0
2007,Illinois State,1,4,0,0
2007,Kansas,0,0,0,0
2007,North Carolina A&T,0,0,0,0
2007,Cincinnati,2,5,0,0
2007,Miami (OH),1,3,0,0
2007,UNLV,1,5,0,1
2007,Wake Forest,2,3,0,0
2007,Montana,0,0,0,0
2007,Southern Miss,0,0,0,0
2007,TCU,2,4,0,0
2007,Tennessee Tech,0,0,0,0
2007,North Dakota State,0,0,0,0
2007,Temple,0,0,0,0
2007,UL Monroe,1,2,0,0
2007,Oregon State,2,6,0,1
2007,Hawai'i,5,13,0,2
2007,Louisiana,0,0,0,0
2007,Vanderbilt,0,0,0,0
2007,Ball State,0,0,0,0
2007,Colorado State,1,2,0,0
2007,Baylor,2,4,0,0
2007,Michigan State,3,8,0,1
2007,Marshall,1,1,0,0
2007,Pittsburgh,3,11,1,0
2007,UTEP,2,5,0,0
2007,The Citadel,0,0,0,0
2007,Tulsa,0,0,0,0
2007,Eastern Michigan,0,0,0,0
2007,Northern Arizona,0,0,0,0
2007,Bowling Green,0,0,0,0
2007,Harvard,0,0,0,0
2007,Penn State,5,22,1,1
2007,Memphis,1,2,0,0
2007,Boston College,2,7,0,0
2007,Colorado,2,2,0,0
2007,Boise State,4,9,0,1
2007,Western Michigan,0,0,0,0
2007,Alabama State,1,2,0,0
2007,Weber State,0,0,0,0
2007,Northwestern State,0,0,0,0
2007,Georgia Tech,2,10,1,0
2007,UCF,1,4,0,0
2007,East Carolina,1,2,0,0
2007,Furman,0,0,0,0
2007,North Dakota,0,0,0,0
2007,Nevada,1,2,0,0
2007,Cornell,0,0,0,0
2007,Wyoming,1,1,0,0
2007,Texas State,0,0,0,0
2007,Samford,0,0,0,0
2007,Arizona,4,8,0,1
2007,Maine,1,1,0,0
2007,Rutgers,3,8,0,1
2007,Kent State,1,4,0,0
2007,San José State,2,5,0,0
2007,Northern Illinois,2,7,0,0
2007,South Florida,1,3,0,0
2007,Brown,1,3,0,0
2007,Towson,1,3,0,0
2007,Florida International,2,4,0,0
2007,North Carolina Central,1,2,0,0
2007,Alabama A&M,1,2,0,0
2007,New Hampshire,1,2,0,0
2007,Arkansas State,1,1,0,0
2007,Nicholls,1,1,0,0
2007,SMU,1,1,0,0
2007,Portland State,1,1,0,0
2007,Central Arkansas,1,1,0,0
2007,Central Connecticut,1,1,0,0
2007,Delaware,1,1,0,0
2007,Coastal Carolina,1,1,0,0
2007,Elon,1,1,0,0
2007,Tennessee State,0,0,0,0
2007,App State,0,0,0,0
2007,Eastern Kentucky,0,0,0,0
2007,McNeese,0,0,0,0
2007,Northern Iowa,0,0,0,0
2007,Utah State,0,0,0,0
2007,Richmond,0,0,0,0
2007,San Diego,0,0,0,0
2007,Middle Tennessee,0,0,0,0
2007,Buffalo,0,0,0,0
2007,Jackson State,0,0,0,0
2007,Villanova,0,0,0,0
2007,Gardner-Webb,0,0,0,0
2007,Ohio,0,0,0,0
2007,Army,0,0,0,0
2007,Idaho,0,0,0,0
2007,Western Illinois,0,0,0,0
2007,William & Mary,0,0,0,0
2007,Rice,0,0,0,0
2007,Sam Houston,0,0,0,0
2007,Monmouth,0,0,0,0
2007,Norfolk State,0,0,0,0
2007,Stephen F. Austin,0,0,0,0
2007,Liberty,0,0,0,0
2007,Massachusetts,0,0,0,0
2007,Missouri State,0,0,0,0
2007,Eastern Illinois,0,0,0,0
2007,Murray State,0,0,0,0
2007,Fordham,0,0,0,0
2007,Florida Atlantic,0,0,0,0
2007,James Madison,0,0,0,0
2007,South Dakota State,0,0,0,0
2007,South Carolina State,0,0,0,0
2007,Lehigh,0,0,0,0
2007,New Mexico State,0,0,0,0
2007,Chattanooga,0,0,0,0
2007,Yale,0,0,0,0
2007,Montana State,0,0,0,0
2007,Florida A&M,0,0,0,0
2007,Presbyterian,0,0,0,0
2007,South Dakota,0,0,0,0
2007,SE Louisiana,0,0,0,0
2007,Arkansas-Pine Bluff,0,0,0,0
2007,Georgia Southern,0,0,0,0
2007,UT Martin,0,0,0,0
2007,Western Kentucky,0,0,0,0
2007,Jacksonville State,0,0,0,0
2007,Princeton,0,0,0,0
2007,Southern Utah,0,0,0,0
2007,Duke,0,0,0,0
2007,Marist,0,0,0,0
2007,Delaware State,0,0,0,0
2007,Texas Southern,0,0,0,0
2007,Navy,0,0,0,0
2007,UTSA,0,0,0,0
2007,South Alabama,0,0,0,0
2007,Charlotte,0,0,0,0
2007,Youngstown State,0,0,0,0
2007,Grambling,0,0,0,0
2007,Lamar,0,0,0,0
2007,Bucknell,0,0,0,0
2007,Drake,0,0,0,0
2007,Georgia State,0,0,0,0
2007,Pennsylvania,0,0,0,0
2007,Wagner,0,0,0,0
2007,Western Carolina,0,0,0,0
2007,Southeast Missouri State,0,0,0,0
2007,Old Dominion,0,0,0,0
2007,Prairie View A&M,0,0,0,0
2007,Morgan State,0,0,0,0
2007,Air Force,0,0,0,0
2007,Dayton,0,0,0,0
2007,Rhode Island,0,0,0,0
2007,North Texas,0,0,0,0
2008,Utah,0,0,0,0
2008,Auburn,5,18,0,2
2008,Michigan,6,22,1,1
2008,Texas,5,18,0,1
2008,West Virginia,3,7,0,0
2008,South Carolina,1,1,0,0
2008,Miami,3,16,1,1
2008,USC,10,48,4,3
2008,Troy,1,7,1,0
2008,Maryland,1,3,0,0
2008,Oklahoma,4,15,0,2
2008,Georgia,4,5,0,0
2008,Florida State,3,7,0,0
2008,Wisconsin,4,6,0,0
2008,LSU,7,24,1,0
2008,Arkansas,6,21,2,0
2008,Nebraska,3,5,0,0
2008,California,6,18,0,1
2008,Ole Miss,0,0,0,0
2008,UAB,0,0,0,0
2008,Northwestern,0,0,0,0
2008,Virginia,3,15,2,0
2008,Fresno State,1,2,0,0
2008,Houston,1,5,0,1
2008,Eastern Washington,0,0,0,0
2008,Tennessee,3,13,1,0
2008,Iowa,3,8,0,0
2008,Ohio State,3,9,1,0
2008,Howard,0,0,0,0
2008,Bethune-Cookman,0,0,0,0
2008,Washington,0,0,0,0
2008,Louisville,5,14,0,1
2008,Oklahoma State,0,0,0,0
2008,Clemson,2,6,0,1
2008,Texas A&M,5,13,0,1
2008,Illinois,1,7,1,0
2008,Northern Colorado,0,0,0,0
2008,San Diego State,4,7,0,0
2008,Syracuse,0,0,0,0
2008,Stanford,0,0,0,0
2008,Akron,1,3,0,0
2008,Indiana,2,10,0,2
2008,Arizona State,5,13,0,1
2008,Florida,2,11,1,0
2008,Notre Dame,4,15,0,2
2008,Virginia Tech,8,28,1,2
2008,Washington State,1,1,0,0
2008,Louisiana Tech,0,0,0,0
2008,Alabama,0,0,0,0
2008,UConn,2,4,0,0
2008,Iowa State,2,3,0,0
2008,Missouri,2,6,0,0
2008,Cal Poly,0,0,0,0
2008,NC State,2,6,0,0
2008,Kentucky,4,8,0,0
2008,Oregon,3,10,1,0
2008,Toledo,2,5,0,0
2008,Purdue,3,14,1,0
2008,Minnesota,1,1,0,0
2008,Southern Illinois,0,0,0,0
2008,Mississippi State,0,0,0,0
2008,Hampton,1,4,0,0
2008,Central Michigan,0,0,0,0
2008,UCLA,3,7,0,0
2008,North Carolina,2,8,1,0
2008,BYU,1,3,0,0
2008,Texas Tech,0,0,0,0
2008,Kansas State,2,6,0,1
2008,New Mexico,1,3,0,0
2008,Tulane,1,5,0,1
2008,Illinois State,0,0,0,0
2008,Kansas,4,14,1,0
2008,North Carolina A&T,0,0,0,0
2008,Cincinnati,2,2,0,0
2008,Miami (OH),0,0,0,0
2008,UNLV,1,3,0,0
2008,Wake Forest,3,6,0,0
2008,Montana,2,3,0,0
2008,Southern Miss,1,1,0,0
2008,TCU,0,0,0,0
2008,Tennessee Tech,0,0,0,0
2008,North Dakota State,1,1,0,0
2008,Temple,0,0,0,0
2008,UL Monroe,0,0,0,0
2008,Oregon State,2,3,0,0
2008,Hawai'i,1,1,0,0
2008,Louisiana,0,0,0,0
2008,Vanderbilt,3,13,1,0
2008,Ball State,0,0,0,0
2008,Colorado State,0,0,0,0
2008,Baylor,0,0,0,0
2008,Michigan State,3,8,0,1
2008,Marshall,0,0,0,0
2008,Pittsburgh,3,11,1,0
2008,UTEP,3,9,0,0
2008,The Citadel,0,0,0,0
2008,Tulsa,1,1,0,0
2008,Eastern Michigan,1,5,0,1
2008,Northern Arizona,0,0,0,0
2008,Bowling Green,1,3,0,0
2008,Harvard,0,0,0,0
2008,Penn State,2,7,0,0
2008,Memphis,0,0,0,0
2008,Boston College,3,15,2,0
2008,Colorado,2,10,0,2
2008,Boise State,2,9,1,0
2008,Western Michigan,0,0,0,0
2008,Alabama State,0,0,0,0
2008,Weber State,1,3,0,0
2008,Northwestern State,1,1,0,0
2008,Georgia Tech,3,8,0,0
2008,UCF,3,8,0,0
2008,East Carolina,1,7,1,0
2008,Furman,1,2,0,0
2008,North Dakota,0,0,0,0
2008,Nevada,0,0,0,0
2008,Cornell,0,0,0,0
2008,Wyoming,0,0,0,0
2008,Texas State,0,0,0,0
2008,Samford,0,0,0,0
2008,Arizona,4,10,1,0
2008,Maine,0,0,0,0
2008,Rutgers,2,9,0,1
2008,Kent State,1,3,0,0
2008,San José State,1,3,0,0
2008,Northern Illinois,0,0,0,0
2008,South Florida,2,9,1,0
2008,Brown,0,0,0,0
2008,Towson,0,0,0,0
2008,Florida International,0,0,0,0
2008,North Carolina Central,0,0,0,0
2008,Alabama A&M,0,0,0,0
2008,New Hampshire,0,0,0,0
2008,Arkansas State,1,5,0,1
2008,Nicholls,1,1,0,0
2008,SMU,0,0,0,0
2008,Portland State,0,0,0,0
2008,Central Arkansas,0,0,0,0
2008,Central Connecticut,0,0,0,0
2008,Delaware,1,7,1,0
2008,Coastal Carolina,1,5,0,1
2008,Elon,0,0,0,0
2008,Tennessee State,1,7,1,0
2008,App State,2,6,0,1
2008,Eastern Kentucky,1,4,0,0
2008,McNeese,1,4,0,0
2008,Northern Iowa,2,5,0,0
2008,Utah State,2,4,0,0
2008,Richmond,2,5,0,0
2008,San Diego,1,2,0,0
2008,Middle Tennessee,1,1,0,0
2008,Buffalo,2,2,0,0
2008,Jackson State,1,1,0,0
2008,Villanova,1,1,0,0
2008,Gardner-Webb,1,1,0,0
2008,Ohio,1,1,0,0
2008,Army,1,1,0,0
2008,Idaho,1,1,0,0
2008,Western Illinois,0,0,0,0
2008,William & Mary,0,0,0,0
2008,Rice,0,0,0,0
2008,Sam Houston,0,0,0,0
2008,Monmouth,0,0,0,0
2008,Norfolk State,0,0,0,0
2008,Stephen F. Austin,0,0,0,0
2008,Liberty,0,0,0,0
2008,Massachusetts,0,0,0,0
2008,Missouri State,0,0,0,0
2008,Eastern Illinois,0,0,0,0
2008,Murray State,0,0,0,0
2008,Fordham,0,0,0,0
2008,Florida Atlantic,0,0,0,0
2008,James Madison,0,0,0,0
2008,South Dakota State,0,0,0,0
2008,South Carolina State,0,0,0,0
2008,Lehigh,0,0,0,0
2008,New Mexico State,0,0,0,0
2008,Chattanooga,0,0,0,0
2008,Yale,0,0,0,0
2008,Montana State,0,0,0,0
2008,Florida A&M,0,0,0,0
2008,Presbyterian,0,0,0,0
2008,South Dakota,0,0,0,0
2008,SE Louisiana,0,0,0,0
2008,Arkansas-Pine Bluff,0,0,0,0
2008,Georgia Southern,0,0,0,0
2008,UT Martin,0,0,0,0
2008,Western Kentucky,0,0,0,0
2008,Jacksonville State,0,0,0,0
2008,Princeton,0,0,0,0
2008,Southern Utah,0,0,0,0
2008,Duke,0,0,0,0
2008,Marist,0,0,0,0
2008,Delaware State,0,0,0,0
2008,Texas Southern,0,0,0,0
2008,Navy,0,0,0,0
2008,UTSA,0,0,0,0
2008,South Alabama,0,0,0,0
2008,Charlotte,0,0,0,0
2008,Youngstown State,0,0,0,0
2008,Grambling,0,0,0,0
2008,Lamar,0,0,0,0
2008,Bucknell,0,0,0,0
2008,Drake,0,0,0,0
2008,Georgia State,0,0,0,0
2008,Pennsylvania,0,0,0,0
2008,Wagner,0,0,0,0
2008,Western Carolina,0,0,0,0
2008,Southeast Missouri State,0,0,0,0
2008,Old Dominion,0,0,0,0
2008,Prairie View A&M,0,0,0,0
2008,Morgan State,0,0,0,0
2008,Air Force,0,0,0,0
2008,Dayton,0,0,0,0
2008,Rhode Island,0,0,0,0
2008,North Texas,0,0,0,0
2009,Utah,4,12,0,2
2009,Auburn,3,12,0,1
2009,Michigan,2,4,0,0
2009,Texas,4,15,1,0
2009,West Virginia,3,7,0,1
2009,South Carolina,7,13,0,0
2009,Miami,1,1,0,0
2009,USC,11,45,3,2
2009,Troy,1,5,0,1
2009,Maryland,5,14,1,0
2009,Oklahoma,5,14,0,1
2009,Georgia,6,28,2,1
2009,Florida State,1,5,0,1
2009,Wisconsin,4,16,0,0
2009,LSU,6,14,1,0
2009,Arkansas,1,3,0,0
2009,Nebraska,3,4,0,0
2009,California,3,9,1,0
2009,Ole Miss,4,19,2,0
2009,UAB,0,0,0,0
2009,Northwestern,0,0,0,0
2009,Virginia,4,14,1,1
2009,Fresno State,2,2,0,0
2009,Houston,1,5,0,1
2009,Eastern Washington,0,0,0,0
2009,Tennessee,1,7,1,0
2009,Iowa,4,12,0,0
2009,Ohio State,7,32,2,2
2009,Howard,0,0,0,0
2009,Bethune-Cookman,0,0,0,0
2009,Washington,0,0,0,0
2009,Louisville,2,9,1,0
2009,Oklahoma State,1,7,1,0
2009,Clemson,4,8,0,0
2009,Texas A&M,2,6,0,0
2009,Illinois,3,10,1,0
2009,Northern Colorado,0,0,0,0
2009,San Diego State,1,1,0,0
2009,Syracuse,2,4,0,0
2009,Stanford,0,0,0,0
2009,Akron,0,0,0,0
2009,Indiana,0,0,0,0
2009,Arizona State,2,2,0,0
2009,Florida,3,12,1,0
2009,Notre Dame,1,3,0,0
2009,Virginia Tech,1,2,0,0
2009,Washington State,1,1,0,0
2009,Louisiana Tech,0,0,0,0
2009,Alabama,4,19,1,0
2009,UConn,4,22,1,3
2009,Iowa State,0,0,0,0
2009,Missouri,6,26,2,1
2009,Cal Poly,1,4,0,0
2009,NC State,2,6,0,0
2009,Kentucky,1,1,0,0
2009,Oregon,6,19,0,3
2009,Toledo,0,0,0,0
2009,Purdue,2,5,0,0
2009,Minnesota,0,0,0,0
2009,Southern Illinois,0,0,0,0
2009,Mississippi State,0,0,0,0
2009,Hampton,0,0,0,0
2009,Central Michigan,0,0,0,0
2009,UCLA,0,0,0,0
2009,North Carolina,5,20,1,1
2009,BYU,2,4,0,0
2009,Texas Tech,4,19,1,1
2009,Kansas State,1,7,1,0
2009,New Mexico,2,4,0,0
2009,Tulane,1,3,0,0
2009,Illinois State,0,0,0,0
2009,Kansas,0,0,0,0
2009,North Carolina A&T,0,0,0,0
2009,Cincinnati,6,12,0,1
2009,Miami (OH),1,1,0,0
2009,UNLV,1,2,0,0
2009,Wake Forest,4,18,1,1
2009,Montana,0,0,0,0
2009,Southern Miss,2,6,0,0
2009,TCU,5,6,0,0
2009,Tennessee Tech,0,0,0,0
2009,North Dakota State,1,1,0,0
2009,Temple,1,4,0,0
2009,UL Monroe,0,0,0,0
2009,Oregon State,7,19,0,1
2009,Hawai'i,3,10,0,1
2009,Louisiana,0,0,0,0
2009,Vanderbilt,1,3,0,0
2009,Ball State,2,6,0,0
2009,Colorado State,1,3,0,0
2009,Baylor,1,7,1,0
2009,Michigan State,1,2,0,0
2009,Marshall,0,0,0,0
2009,Pittsburgh,4,9,0,1
2009,UTEP,0,0,0,0
2009,The Citadel,0,0,0,0
2009,Tulsa,0,0,0,0
2009,Eastern Michigan,1,3,0,0
2009,Northern Arizona,0,0,0,0
2009,Bowling Green,0,0,0,0
2009,Harvard,0,0,0,0
2009,Penn State,5,19,1,0
2009,Memphis,1,1,0,0
2009,Boston College,2,12,1,1
2009,Colorado,1,1,0,0
2009,Boise State,0,0,0,0
2009,Western Michigan,2,6,0,1
2009,Alabama State,0,0,0,0
2009,Weber State,1,1,0,0
2009,Northwestern State,0,0,0,0
2009,Georgia Tech,4,7,0,0
2009,UCF,1,2,0,0
2009,East Carolina,1,2,0,0
2009,Furman,1,2,0,0
2009,North Dakota,0,0,0,0
2009,Nevada,1,1,0,0
2009,Cornell,0,0,0,0
2009,Wyoming,0,0,0,0
2009,Texas State,0,0,0,0
2009,Samford,0,0,0,0
2009,Arizona,2,8,0,1
2009,Maine,0,0,0,0
2009,Rutgers,5,11,1,0
2009,Kent State,1,1,0,0
2009,San José State,3,9,0,0
2009,Northern Illinois,1,7,1,0
2009,South Florida,1,4,0,0
2009,Brown,0,0,0,0
2009,Towson,0,0,0,0
2009,Florida International,0,0,0,0
2009,North Carolina Central,0,0,0,0
2009,Alabama A&M,0,0,0,0
2009,New Hampshire,0,0,0,0
2009,Arkansas State,1,1,0,0
2009,Nicholls,1,4,0,0
2009,SMU,1,2,0,0
2009,Portland State,0,0,0,0
2009,Central Arkansas,0,0,0,0
2009,Central Connecticut,0,0,0,0
2009,Delaware,0,0,0,0
2009,Coastal Carolina,0,0,0,0
2009,Elon,0,0,0,0
2009,Tennessee State,1,1,0,0
2009,App State,0,0,0,0
2009,Eastern Kentucky,0,0,0,0
2009,McNeese,1,1,0,0
2009,Northern Iowa,0,0,0,0
2009,Utah State,0,0,0,0
2009,Richmond,1,3,0,0
2009,San Diego,0,0,0,0
2009,Middle Tennessee,0,0,0,0
2009,Buffalo,0,0,0,0
2009,Jackson State,0,0,0,0
2009,Villanova,0,0,0,0
2009,Gardner-Webb,0,0,0,0
2009,Ohio,1,5,0,1
2009,Army,0,0,0,0
2009,Idaho,1,1,0,0
2009,Western Illinois,1,4,0,0
2009,William & Mary,1,4,0,0
2009,Rice,2,4,0,0
2009,Sam Houston,1,2,0,0
2009,Monmouth,1,2,0,0
2009,Norfolk State,1,1,0,0
2009,Stephen F. Austin,1,1,0,0
2009,Liberty,1,1,0,0
2009,Massachusetts,0,0,0,0
2009,Missouri State,0,0,0,0
2009,Eastern Illinois,0,0,0,0
2009,Murray State,0,0,0,0
2009,Fordham,0,0,0,0
2009,Florida Atlantic,0,0,0,0
2009,James Madison,0,0,0,0
2009,South Dakota State,0,0,0,0
2009,South Carolina State,0,0,0,0
2009,Lehigh,0,0,0,0
2009,New Mexico State,0,0,0,0
2009,Chattanooga,0,0,0,0
2009,Yale,0,0,0,0
2009,Montana State,0,0,0,0
2009,Florida A&M,0,0,0,0
2009,Presbyterian,0,0,0,0
2009,South Dakota,0,0,0,0
2009,SE Louisiana,0,0,0,0
2009,Arkansas-Pine Bluff,0,0,0,0
2009,Georgia Southern,0,0,0,0
2009,UT Martin,0,0,0,0
2009,Western Kentucky,0,0,0,0
2009,Jacksonville State,0,0,0,0
2009,Princeton,0,0,0,0
2009,Southern Utah,0,0,0,0
2009,Duke,0,0,0,0
2009,Marist,0,0,0,0
2009,Delaware State,0,0,0,0
2009,Texas Southern,0,0,0,0
2009,Navy,0,0,0,0
2009,UTSA,0,0,0,0
2009,South Alabama,0,0,0,0
2009,Charlotte,0,0,0,0
2009,Youngstown State,0,0,0,0
2009,Grambling,0,0,0,0
2009,Lamar,0,0,0,0
2009,Bucknell,0,0,0,0
2009,Drake,0,0,0,0
2009,Georgia State,0,0,0,0
2009,Pennsylvania,0,0,0,0
2009,Wagner,0,0,0,0
2009,Western Carolina,0,0,0,0
2009,Southeast Missouri State,0,0,0,0
2009,Old Dominion,0,0,0,0
2009,Prairie View A&M,0,0,0,0
2009,Morgan State,0,0,0,0
2009,Air Force,0,0,0,0
2009,Dayton,0,0,0,0
2009,Rhode Island,0,0,0,0
2009,North Texas,0,0,0,0
2010,Utah,6,17,0,2
2010,Auburn,2,7,0,1
2010,Michigan,3,10,1,0
2010,Texas,6,28,1,2
2010,West Virginia,1,1,0,0
2010,South Carolina,2,4,0,0
2010,Miami,4,11,0,0
2010,USC,7,25,0,2
2010,Troy,3,4,0,0
2010,Maryland,2,5,0,0
2010,Oklahoma,7,35,4,0
2010,Georgia,5,11,0,0
2010,Florida State,3,9,1,0
2010,Wisconsin,2,6,0,0
2010,LSU,6,16,0,0
2010,Arkansas,1,2,0,0
2010,Nebraska,3,12,1,0
2010,California,3,15,2,0
2010,Ole Miss,4,12,0,1
2010,UAB,1,1,0,0
2010,Northwestern,3,8,0,0
2010,Virginia,1,5,0,1
2010,Fresno State,1,7,1,0
2010,Houston,1,1,0,0
2010,Eastern Washington,0,0,0,0
2010,Tennessee,6,26,2,1
2010,Iowa,6,24,1,1
2010,Ohio State,4,6,0,0
2010,Howard,0,0,0,0
2010,Bethune-Cookman,0,0,0,0
2010,Washington,2,8,0,0
2010,Louisville,0,0,0,0
2010,Oklahoma State,4,17,2,0
2010,Clemson,5,15,1,0
2010,Texas A&M,1,1,0,0
2010,Illinois,3,11,0,1
2010,Northern Colorado,0,0,0,0
2010,San Diego State,0,0,0,0
2010,Syracuse,2,5,0,0
2010,Stanford,3,7,0,1
2010,Akron,0,0,0,0
2010,Indiana,3,7,0,1
2010,Arizona State,4,7,0,0
2010,Florida,9,45,3,3
2010,Notre Dame,4,12,0,2
2010,Virginia Tech,5,11,0,1
2010,Washington State,0,0,0,0
2010,Louisiana Tech,2,5,0,0
2010,Alabama,7,30,2,2
2010,UConn,2,4,0,0
2010,Iowa State,1,1,0,0
2010,Missouri,1,7,1,0
2010,Cal Poly,0,0,0,0
2010,NC State,2,2,0,0
2010,Kentucky,3,9,0,0
2010,Oregon,3,12,0,1
2010,Toledo,0,0,0,0
2010,Purdue,1,5,0,1
2010,Minnesota,2,6,0,0
2010,Southern Illinois,1,1,0,0
2010,Mississippi State,2,2,0,0
2010,Hampton,0,0,0,0
2010,Central Michigan,2,2,0,0
2010,UCLA,3,9,0,1
2010,North Carolina,2,5,0,0
2010,BYU,1,3,0,0
2010,Texas Tech,1,1,0,0
2010,Kansas State,1,2,0,0
2010,New Mexico,1,1,0,0
2010,Tulane,0,0,0,0
2010,Illinois State,0,0,0,0
2010,Kansas,3,6,0,0
2010,North Carolina A&T,0,0,0,0
2010,Cincinnati,3,5,0,0
2010,Miami (OH),0,0,0,0
2010,UNLV,1,3,0,0
2010,Wake Forest,2,6,0,0
2010,Montana,2,2,0,0
2010,Southern Miss,0,0,0,0
2010,TCU,3,14,1,1
2010,Tennessee Tech,0,0,0,0
2010,North Dakota State,0,0,0,0
2010,Temple,0,0,0,0
2010,UL Monroe,0,0,0,0
2010,Oregon State,1,1,0,0
2010,Hawai'i,0,0,0,0
2010,Louisiana,1,2,0,0
2010,Vanderbilt,2,5,0,0
2010,Ball State,0,0,0,0
2010,Colorado State,1,1,0,0
2010,Baylor,2,5,0,0
2010,Michigan State,1,1,0,0
2010,Marshall,0,0,0,0
2010,Pittsburgh,2,2,0,0
2010,UTEP,0,0,0,0
2010,The Citadel,1,4,0,0
2010,Tulsa,0,0,0,0
2010,Eastern Michigan,0,0,0,0
2010,Northern Arizona,0,0,0,0
2010,Bowling Green,0,0,0,0
2010,Harvard,0,0,0,0
2010,Penn State,6,20,1,1
2010,Memphis,0,0,0,0
2010,Boston College,1,2,0,0
2010,Colorado,0,0,0,0
2010,Boise State,1,7,1,0
2010,Western Michigan,0,0,0,0
2010,Alabama State,0,0,0,0
2010,Weber State,1,1,0,0
2010,Northwestern State,0,0,0,0
2010,Georgia Tech,4,19,2,0
2010,UCF,1,5,0,1
2010,East Carolina,3,7,0,1
2010,Furman,0,0,0,0
2010,North Dakota,0,0,0,0
2010,Nevada,0,0,0,0
2010,Cornell,0,0,0,0
2010,Wyoming,0,0,0,0
2010,Texas State,0,0,0,0
2010,Samford,0,0,0,0
2010,Arizona,2,9,0,1
2010,Maine,0,0,0,0
2010,Rutgers,3,15,2,0
2010,Kent State,1,1,0,0
2010,San José State,0,0,0,0
2010,Northern Illinois,0,0,0,0
2010,South Florida,5,18,1,1
2010,Brown,1,1,0,0
2010,Towson,0,0,0,0
2010,Florida International,0,0,0,0
2010,North Carolina Central,0,0,0,0
2010,Alabama A&M,0,0,0,0
2010,New Hampshire,0,0,0,0
2010,Arkansas State,1,4,0,0
2010,Nicholls,0,0,0,0
2010,SMU,1,4,0,0
2010,Portland State,0,0,0,0
2010,Central Arkansas,1,2,0,0
2010,Central Connecticut,0,0,0,0
2010,Delaware,0,0,0,0
2010,Coastal Carolina,0,0,0,0
2010,Elon,0,0,0,0
2010,Tennessee State,0,0,0,0
2010,App State,1,4,0,0
2010,Eastern Kentucky,0,0,0,0
2010,McNeese,0,0,0,0
2010,Northern Iowa,0,0,0,0
2010,Utah State,0,0,0,0
2010,Richmond,0,0,0,0
2010,San Diego,0,0,0,0
2010,Middle Tennessee,1,1,0,0
2010,Buffalo,1,1,0,0
2010,Jackson State,0,0,0,0
2010,Villanova,0,0,0,0
2010,Gardner-Webb,0,0,0,0
2010,Ohio,1,4,0,0
2010,Army,0,0,0,0
2010,Idaho,1,7,1,0
2010,Western Illinois,0,0,0,0
2010,William & Mary,2,2,0,0
2010,Rice,0,0,0,0
2010,Sam Houston,0,0,0,0
2010,Monmouth,0,0,0,0
2010,Norfolk State,0,0,0,0
2010,Stephen F. Austin,0,0,0,0
2010,Liberty,0,0,0,0
2010,Massachusetts,1,5,0,1
2010,Missouri State,1,3,0,0
2010,Eastern Illinois,1,2,0,0
2010,Murray State,1,2,0,0
2010,Fordham,1,2,0,0
2010,Florida Atlantic,1,1,0,0
2010,James Madison,2,2,0,0
2010,South Dakota State,1,1,0,0
2010,South Carolina State,1,1,0,0
2010,Lehigh,0,0,0,0
2010,New Mexico State,0,0,0,0
2010,Chattanooga,0,0,0,0
2010,Yale,0,0,0,0
2010,Montana State,0,0,0,0
2010,Florida A&M,0,0,0,0
2010,Presbyterian,0,0,0,0
2010,South Dakota,0,0,0,0
2010,SE Louisiana,0,0,0,0
2010,Arkansas-Pine Bluff,0,0,0,0
2010,Georgia Southern,0,0,0,0
2010,UT Martin,0,0,0,0
2010,Western Kentucky,0,0,0,0
2010,Jacksonville State,0,0,0,0
2010,Princeton,0,0,0,0
2010,Southern Utah,0,0,0,0
2010,Duke,0,0,0,0
2010,Marist,0,0,0,0
2010,Delaware State,0,0,0,0
2010,Texas Southern,0,0,0,0
2010,Navy,0,0,0,0
2010,UTSA,0,0,0,0
2010,South Alabama,0,0,0,0
2010,Charlotte,0,0,0,0
2010,Youngstown State,0,0,0,0
2010,Grambling,0,0,0,0
2010,Lamar,0,0,0,0
2010,Bucknell,0,0,0,0
2010,Drake,0,0,0,0
2010,Georgia State,0,0,0,0
2010,Pennsylvania,0,0,0,0
2010,Wagner,0,0,0,0
2010,Western Carolina,0,0,0,0
2010,Southeast Missouri State,0,0,0,0
2010,Old Dominion,0,0,0,0
2010,Prairie View A&M,0,0,0,0
2010,Morgan State,0,0,0,0
2010,Air Force,0,0,0,0
2010,Dayton,0,0,0,0
2010,Rhode Island,0,0,0,0
2010,North Texas,0,0,0,0
2011,Utah,2,3,0,0
2011,Auburn,4,16,2,0
2011,Michigan,2,6,0,1
2011,Texas,4,14,0,1
2011,West Virginia,4,7,0,0
2011,South Carolina,2,5,0,0
2011,Miami,8,27,0,2
2011,USC,9,23,1,0
2011,Troy,1,4,0,0
2011,Maryland,2,6,0,1
2011,Oklahoma,4,9,0,0
2011,Georgia,6,22,1,0
2011,Florida State,3,13,1,1
2011,Wisconsin,5,24,2,1
2011,LSU,6,24,1,0
2011,Arkansas,3,7,0,0
2011,Nebraska,7,19,1,0
2011,California,4,17,1,1
2011,Ole Miss,1,1,0,0
2011,UAB,0,0,0,0
2011,Northwestern,0,0,0,0
2011,Virginia,1,5,0,1
2011,Fresno State,2,3,0,0
2011,Houston,0,0,0,0
2011,Eastern Washington,1,3,0,0
2011,Tennessee,2,5,0,0
2011,Iowa,6,17,1,0
2011,Ohio State,5,14,1,0
2011,Howard,0,0,0,0
2011,Bethune-Cookman,0,0,0,0
2011,Washington,2,11,1,0
2011,Louisville,3,8,0,0
2011,Oklahoma State,1,3,0,0
2011,Clemson,6,22,0,3
2011,Texas A&M,1,7,1,0
2011,Illinois,4,17,1,1
2011,Northern Colorado,0,0,0,0
2011,San Diego State,2,5,0,0
2011,Syracuse,2,5,0,0
2011,Stanford,4,10,0,0
2011,Akron,0,0,0,0
2011,Indiana,2,6,0,0
2011,Arizona State,1,1,0,0
2011,Florida,4,15,1,1
2011,Notre Dame,1,5,0,1
2011,Virginia Tech,3,9,0,1
2011,Washington State,1,1,0,0
2011,Louisiana Tech,0,0,0,0
2011,Alabama,5,29,4,0
2011,UConn,4,5,0,0
2011,Iowa State,0,0,0,0
2011,Missouri,3,15,2,0
2011,Cal Poly,0,0,0,0
2011,NC State,1,4,0,0
2011,Kentucky,1,5,0,1
2011,Oregon,1,3,0,0
2011,Toledo,0,0,0,0
2011,Purdue,1,7,1,0
2011,Minnesota,0,0,0,0
2011,Southern Illinois,1,1,0,0
2011,Mississippi State,4,13,1,0
2011,Hampton,1,4,0,0
2011,Central Michigan,0,0,0,0
2011,UCLA,3,11,0,2
2011,North Carolina,9,31,1,3
2011,BYU,0,0,0,0
2011,Texas Tech,1,1,0,0
2011,Kansas State,1,5,0,1
2011,New Mexico,0,0,0,0
2011,Tulane,0,0,0,0
2011,Illinois State,0,0,0,0
2011,Kansas,0,0,0,0
2011,North Carolina A&T,0,0,0,0
2011,Cincinnati,1,1,0,0
2011,Miami (OH),0,0,0,0
2011,UNLV,0,0,0,0
2011,Wake Forest,0,0,0,0
2011,Montana,1,1,0,0
2011,Southern Miss,0,0,0,0
2011,TCU,5,11,0,1
2011,Tennessee Tech,0,0,0,0
2011,North Dakota State,0,0,0,0
2011,Temple,2,12,1,1
2011,UL Monroe,0,0,0,0
2011,Oregon State,3,9,0,1
2011,Hawai'i,3,9,0,0
2011,Louisiana,0,0,0,0
2011,Vanderbilt,0,0,0,0
2011,Ball State,0,0,0,0
2011,Colorado State,0,0,0,0
2011,Baylor,4,16,2,0
2011,Michigan State,2,2,0,0
2011,Marshall,1,2,0,0
2011,Pittsburgh,5,17,1,1
2011,UTEP,0,0,0,0
2011,The Citadel,1,3,0,0
2011,Tulsa,1,1,0,0
2011,Eastern Michigan,0,0,0,0
2011,Northern Arizona,0,0,0,0
2011,Bowling Green,0,0,0,0
2011,Harvard,0,0,0,0
2011,Penn State,2,6,0,1
2011,Memphis,0,0,0,0
2011,Boston College,1,7,1,0
2011,Colorado,4,18,2,0
2011,Boise State,3,10,0,1
2011,Western Michigan,0,0,0,0
2011,Alabama State,0,0,0,0
2011,Weber State,0,0,0,0
2011,Northwestern State,0,0,0,0
2011,Georgia Tech,1,1,0,0
2011,UCF,2,5,0,0
2011,East Carolina,1,1,0,0
2011,Furman,0,0,0,0
2011,North Dakota,0,0,0,0
2011,Nevada,3,10,0,1
2011,Cornell,0,0,0,0
2011,Wyoming,1,3,0,0
2011,Texas State,0,0,0,0
2011,Samford,0,0,0,0
2011,Arizona,3,7,0,1
2011,Maine,0,0,0,0
2011,Rutgers,0,0,0,0
2011,Kent State,0,0,0,0
2011,San José State,0,0,0,0
2011,Northern Illinois,0,0,0,0
2011,South Florida,3,6,0,0
2011,Brown,0,0,0,0
2011,Towson,0,0,0,0
2011,Florida International,1,1,0,0
2011,North Carolina Central,0,0,0,0
2011,Alabama A&M,1,1,0,0
2011,New Hampshire,0,0,0,0
2011,Arkansas State,1,1,0,0
2011,Nicholls,0,0,0,0
2011,SMU,1,1,0,0
2011,Portland State,1,3,0,0
2011,Central Arkansas,1,1,0,0
2011,Central Connecticut,0,0,0,0
2011,Delaware,0,0,0,0
2011,Coastal Carolina,0,0,0,0
2011,Elon,0,0,0,0
2011,Tennessee State,0,0,0,0
2011,App State,3,5,0,0
2011,Eastern Kentucky,0,0,0,0
2011,McNeese,0,0,0,0
2011,Northern Iowa,0,0,0,0
2011,Utah State,1,4,0,0
2011,Richmond,1,1,0,0
2011,San Diego,0,0,0,0
2011,Middle Tennessee,1,2,0,0
2011,Buffalo,1,2,0,0
2011,Jackson State,0,0,0,0
2011,Villanova,1,5,0,1
2011,Gardner-Webb,0,0,0,0
2011,Ohio,0,0,0,0
2011,Army,0,0,0,0
2011,Idaho,3,5,0,0
2011,Western Illinois,0,0,0,0
2011,William & Mary,0,0,0,0
2011,Rice,1,1,0,0
2011,Sam Houston,0,0,0,0
2011,Monmouth,0,0,0,0
2011,Norfolk State,0,0,0,0
2011,Stephen F. Austin,1,1,0,0
2011,Liberty,0,0,0,0
2011,Massachusetts,0,0,0,0
2011,Missouri State,1,3,0,0
2011,Eastern Illinois,0,0,0,0
2011,Murray State,0,0,0,0
2011,Fordham,0,0,0,0
2011,Florida Atlantic,1,4,0,0
2011,James Madison,0,0,0,0
2011,South Dakota State,0,0,0,0
2011,South Carolina State,1,1,0,0
2011,Lehigh,1,4,0,0
2011,New Mexico State,1,3,0,0
2011,Chattanooga,1,2,0,0
2011,Yale,1,1,0,0
2011,Montana State,1,1,0,0
2011,Florida A&M,1,1,0,0
2011,Presbyterian,0,0,0,0
2011,South Dakota,0,0,0,0
2011,SE Louisiana,0,0,0,0
2011,Arkansas-Pine Bluff,0,0,0,0
2011,Georgia Southern,0,0,0,0
2011,UT Martin,0,0,0,0
2011,Western Kentucky,0,0,0,0
2011,Jacksonville State,0,0,0,0
2011,Princeton,0,0,0,0
2011,Southern Utah,0,0,0,0
2011,Duke,0,0,0,0
2011,Marist,0,0,0,0
2011,Delaware State,0,0,0,0
2011,Texas Southern,0,0,0,0
2011,Navy,0,0,0,0
2011,UTSA,0,0,0,0
2011,South Alabama,0,0,0,0
2011,Charlotte,0,0,0,0
2011,Youngstown State,0,0,0,0
2011,Grambling,0,0,0,0
2011,Lamar,0,0,0,0
2011,Bucknell,0,0,0,0
2011,Drake,0,0,0,0
2011,Georgia State,0,0,0,0
2011,Pennsylvania,0,0,0,0
2011,Wagner,0,0,0,0
2011,Western Carolina,0,0,0,0
2011,Southeast Missouri State,0,0,0,0
2011,Old Dominion,0,0,0,0
2011,Prairie View A&M,0,0,0,0
2011,Morgan State,0,0,0,0
2011,Air Force,0,0,0,0
2011,Dayton,0,0,0,0
2011,Rhode Island,0,0,0,0
2011,North Texas,0,0,0,0
2012,Utah,1,4,0,0
2012,Auburn,1,3,0,0
2012,Michigan,3,6,0,0
2012,Texas,3,5,0,0
2012,West Virginia,3,10,1,0
2012,South Carolina,6,23,2,1
2012,Miami,6,16,0,0
2012,USC,3,17,2,0
2012,Troy,1,2,0,0
2012,Maryland,0,0,0,0
2012,Oklahoma,7,21,0,1
2012,Georgia,7,17,0,1
2012,Florida State,4,7,0,0
2012,Wisconsin,6,22,1,1
2012,LSU,5,26,2,1
2012,Arkansas,4,13,0,0
2012,Nebraska,4,10,0,1
2012,California,6,18,0,2
2012,Ole Miss,1,3,0,0
2012,UAB,1,1,0,0
2012,Northwestern,2,2,0,0
2012,Virginia,1,1,0,0
2012,Fresno State,1,3,0,0
2012,Houston,0,0,0,0
2012,Eastern Washington,1,3,0,0
2012,Tennessee,1,2,0,0
2012,Iowa,6,16,1,0
2012,Ohio State,4,11,0,1
2012,Howard,0,0,0,0
2012,Bethune-Cookman,0,0,0,0
2012,Washington,2,5,0,0
2012,Louisville,1,1,0,0
2012,Oklahoma State,3,15,2,0
2012,Clemson,4,16,0,1
2012,Texas A&M,4,11,1,0
2012,Illinois,4,24,2,2
2012,Northern Colorado,0,0,0,0
2012,San Diego State,4,9,0,0
2012,Syracuse,2,8,1,0
2012,Stanford,4,24,2,2
2012,Akron,0,0,0,0
2012,Indiana,0,0,0,0
2012,Arizona State,2,8,0,1
2012,Florida,2,5,0,0
2012,Notre Dame,4,18,2,0
2012,Virginia Tech,3,13,1,0
2012,Washington State,0,0,0,0
2012,Louisiana Tech,0,0,0,0
2012,Alabama,8,38,4,1
2012,UConn,1,5,0,1
2012,Iowa State,1,5,0,1
2012,Missouri,1,4,0,0
2012,Cal Poly,0,0,0,0
2012,NC State,5,9,0,0
2012,Kentucky,2,2,0,0
2012,Oregon,4,9,0,1
2012,Toledo,0,0,0,0
2012,Purdue,2,3,0,0
2012,Minnesota,0,0,0,0
2012,Southern Illinois,0,0,0,0
2012,Mississippi State,3,10,1,0
2012,Hampton,0,0,0,0
2012,Central Michigan,0,0,0,0
2012,UCLA,0,0,0,0
2012,North Carolina,2,12,1,1
2012,BYU,0,0,0,0
2012,Texas Tech,0,0,0,0
2012,Kansas State,1,1,0,0
2012,New Mexico,0,0,0,0
2012,Tulane,0,0,0,0
2012,Illinois State,0,0,0,0
2012,Kansas,0,0,0,0
2012,North Carolina A&T,0,0,0,0
2012,Cincinnati,4,17,0,2
2012,Miami (OH),1,4,0,0
2012,UNLV,0,0,0,0
2012,Wake Forest,4,10,0,0
2012,Montana,2,5,0,0
2012,Southern Miss,1,4,0,0
2012,TCU,2,3,0,0
2012,Tennessee Tech,0,0,0,0
2012,North Dakota State,0,0,0,0
2012,Temple,3,9,0,0
2012,UL Monroe,0,0,0,0
2012,Oregon State,1,4,0,0
2012,Hawai'i,1,1,0,0
2012,Louisiana,2,7,0,0
2012,Vanderbilt,2,6,0,1
2012,Ball State,0,0,0,0
2012,Colorado State,0,0,0,0
2012,Baylor,5,19,2,0
2012,Michigan State,6,14,0,1
2012,Marshall,1,5,0,1
2012,Pittsburgh,0,0,0,0
2012,UTEP,0,0,0,0
2012,The Citadel,0,0,0,0
2012,Tulsa,0,0,0,0
2012,Eastern Michigan,0,0,0,0
2012,Northern Arizona,0,0,0,0
2012,Bowling Green,0,0,0,0
2012,Harvard,0,0,0,0
2012,Penn State,4,10,0,1
2012,Memphis,1,7,1,0
2012,Boston College,1,7,1,0
2012,Colorado,2,3,0,0
2012,Boise State,6,22,2,0
2012,Western Michigan,2,2,0,0
2012,Alabama State,0,0,0,0
2012,Weber State,0,0,0,0
2012,Northwestern State,1,1,0,0
2012,Georgia Tech,1,5,0,1
2012,UCF,1,4,0,0
2012,East Carolina,0,0,0,0
2012,Furman,0,0,0,0
2012,North Dakota,0,0,0,0
2012,Nevada,4,7,0,0
2012,Cornell,0,0,0,0
2012,Wyoming,0,0,0,0
2012,Texas State,0,0,0,0
2012,Samford,1,2,0,0
2012,Arizona,3,7,0,0
2012,Maine,1,3,0,0
2012,Rutgers,1,4,0,0
2012,Kent State,0,0,0,0
2012,San José State,0,0,0,0
2012,Northern Illinois,1,1,0,0
2012,South Florida,0,0,0,0
2012,Brown,0,0,0,0
2012,Towson,0,0,0,0
2012,Florida International,1,4,0,0
2012,North Carolina Central,0,0,0,0
2012,Alabama A&M,0,0,0,0
2012,New Hampshire,0,0,0,0
2012,Arkansas State,1,4,0,0
2012,Nicholls,0,0,0,0
2012,SMU,4,8,0,0
2012,Portland State,0,0,0,0
2012,Central Arkansas,0,0,0,0
2012,Central Connecticut,0,0,0,0
2012,Delaware,1,3,0,0
2012,Coastal Carolina,1,2,0,0
2012,Elon,0,0,0,0
2012,Tennessee State,0,0,0,0
2012,App State,1,5,0,1
2012,Eastern Kentucky,0,0,0,0
2012,McNeese,0,0,0,0
2012,Northern Iowa,0,0,0,0
2012,Utah State,3,9,0,1
2012,Richmond,0,0,0,0
2012,San Diego,0,0,0,0
2012,Middle Tennessee,0,0,0,0
2012,Buffalo,0,0,0,0
2012,Jackson State,0,0,0,0
2012,Villanova,0,0,0,0
2012,Gardner-Webb,0,0,0,0
2012,Ohio,1,1,0,0
2012,Army,0,0,0,0
2012,Idaho,1,2,0,0
2012,Western Illinois,0,0,0,0
2012,William & Mary,0,0,0,0
2012,Rice,1,1,0,0
2012,Sam Houston,0,0,0,0
2012,Monmouth,0,0,0,0
2012,Norfolk State,0,0,0,0
2012,Stephen F. Austin,0,0,0,0
2012,Liberty,0,0,0,0
2012,Massachusetts,0,0,0,0
2012,Missouri State,0,0,0,0
2012,Eastern Illinois,0,0,0,0
2012,Murray State,0,0,0,0
2012,Fordham,0,0,0,0
2012,Florida Atlantic,1,1,0,0
2012,James Madison,0,0,0,0
2012,South Dakota State,0,0,0,0
2012,South Carolina State,1,3,0,0
2012,Lehigh,0,0,0,0
2012,New Mexico State,1,1,0,0
2012,Chattanooga,1,1,0,0
2012,Yale,0,0,0,0
2012,Montana State,0,0,0,0
2012,Florida A&M,0,0,0,0
2012,Presbyterian,1,1,0,0
2012,South Dakota,1,1,0,0
2012,SE Louisiana,0,0,0,0
2012,Arkansas-Pine Bluff,0,0,0,0
2012,Georgia Southern,0,0,0,0
2012,UT Martin,0,0,0,0
2012,Western Kentucky,0,0,0,0
2012,Jacksonville State,0,0,0,0
2012,Princeton,0,0,0,0
2012,Southern Utah,0,0,0,0
2012,Duke,0,0,0,0
2012,Marist,0,0,0,0
2012,Delaware State,0,0,0,0
2012,Texas Southern,0,0,0,0
2012,Navy,0,0,0,0
2012,UTSA,0,0,0,0
2012,South Alabama,0,0,0,0
2012,Charlotte,0,0,0,0
2012,Youngstown State,0,0,0,0
2012,Grambling,0,0,0,0
2012,Lamar,0,0,0,0
2012,Bucknell,0,0,0,0
2012,Drake,0,0,0,0
2012,Georgia State,0,0,0,0
2012,Pennsylvania,0,0,0,0
2012,Wagner,0,0,0,0
2012,Western Carolina,0,0,0,0
2012,Southeast Missouri State,0,0,0,0
2012,Old Dominion,0,0,0,0
2012,Prairie View A&M,0,0,0,0
2012,Morgan State,0,0,0,0
2012,Air Force,0,0,0,0
2012,Dayton,0,0,0,0
2012,Rhode Island,0,0,0,0
2012,North Texas,0,0,0,0
2013,Utah,2,8,1,0
2013,Auburn,1,4,0,0
2013,Michigan,2,3,0,0
2013,Texas,3,14,1,0
2013,West Virginia,3,16,1,1
2013,South Carolina,7,17,0,1
2013,Miami,2,3,0,0
2013,USC,4,15,0,1
2013,Troy,0,0,0,0
2013,Maryland,1,1,0,0
2013,Oklahoma,5,14,1,0
2013,Georgia,8,28,2,0
2013,Florida State,11,39,3,2
2013,Wisconsin,3,14,1,1
2013,LSU,9,36,2,1
2013,Arkansas,4,9,0,0
2013,Nebraska,2,2,0,0
2013,California,4,10,0,0
2013,Ole Miss,0,0,0,0
2013,UAB,0,0,0,0
2013,Northwestern,0,0,0,0
2013,Virginia,1,2,0,0
2013,Fresno State,1,3,0,0
2013,Houston,1,7,1,0
2013,Eastern Washington,0,0,0,0
2013,Tennessee,4,17,1,1
2013,Iowa,1,2,0,0
2013,Ohio State,3,9,0,1
2013,Howard,0,0,0,0
2013,Bethune-Cookman,0,0,0,0
2013,Washington,1,7,1,0
2013,Louisville,0,0,0,0
2013,Oklahoma State,1,2,0,0
2013,Clemson,4,13,1,0
2013,Texas A&M,5,20,1,1
2013,Illinois,4,10,0,0
2013,Northern Colorado,0,0,0,0
2013,San Diego State,3,10,0,1
2013,Syracuse,3,13,1,0
2013,Stanford,3,10,0,1
2013,Akron,0,0,0,0
2013,Indiana,0,0,0,0
2013,Arizona State,0,0,0,0
2013,Florida,8,31,2,1
2013,Notre Dame,6,16,1,1
2013,Virginia Tech,2,2,0,0
2013,Washington State,1,1,0,0
2013,Louisiana Tech,2,5,0,0
2013,Alabama,9,37,3,1
2013,UConn,5,16,0,0
2013,Iowa State,2,3,0,0
2013,Missouri,2,11,1,0
2013,Cal Poly,0,0,0,0
2013,NC State,3,11,0,1
2013,Kentucky,1,4,0,0
2013,Oregon,5,21,2,1
2013,Toledo,0,0,0,0
2013,Purdue,1,5,0,1
2013,Minnesota,0,0,0,0
2013,Southern Illinois,0,0,0,0
2013,Mississippi State,3,12,0,2
2013,Hampton,0,0,0,0
2013,Central Michigan,1,7,1,0
2013,UCLA,4,13,1,0
2013,North Carolina,5,24,2,1
2013,BYU,1,7,1,0
2013,Texas Tech,0,0,0,0
2013,Kansas State,3,9,0,1
2013,New Mexico,0,0,0,0
2013,Tulane,0,0,0,0
2013,Illinois State,1,1,0,0
2013,Kansas,1,2,0,0
2013,North Carolina A&T,0,0,0,0
2013,Cincinnati,1,4,0,0
2013,Miami (OH),1,1,0,0
2013,UNLV,0,0,0,0
2013,Wake Forest,1,1,0,0
2013,Montana,0,0,0,0
2013,Southern Miss,1,5,0,1
2013,TCU,2,5,0,0
2013,Tennessee Tech,0,0,0,0
2013,North Dakota State,0,0,0,0
2013,Temple,0,0,0,0
2013,UL Monroe,0,0,0,0
2013,Oregon State,2,5,0,0
2013,Hawai'i,0,0,0,0
2013,Louisiana,0,0,0,0
2013,Vanderbilt,2,3,0,0
2013,Ball State,0,0,0,0
2013,Colorado State,0,0,0,0
2013,Baylor,1,4,0,0
2013,Michigan State,3,11,0,1
2013,Marshall,1,5,0,1
2013,Pittsburgh,0,0,0,0
2013,UTEP,0,0,0,0
2013,The Citadel,0,0,0,0
2013,Tulsa,0,0,0,0
2013,Eastern Michigan,0,0,0,0
2013,Northern Arizona,0,0,0,0
2013,Bowling Green,1,1,0,0
2013,Harvard,1,3,0,0
2013,Penn State,4,9,0,0
2013,Memphis,0,0,0,0
2013,Boston College,0,0,0,0
2013,Colorado,2,4,0,0
2013,Boise State,1,5,0,1
2013,Western Michigan,0,0,0,0
2013,Alabama State,0,0,0,0
2013,Weber State,0,0,0,0
2013,Northwestern State,0,0,0,0
2013,Georgia Tech,0,0,0,0
2013,UCF,2,2,0,0
2013,East Carolina,0,0,0,0
2013,Furman,0,0,0,0
2013,North Dakota,0,0,0,0
2013,Nevada,2,4,0,0
2013,Cornell,1,3,0,0
2013,Wyoming,0,0,0,0
2013,Texas State,0,0,0,0
2013,Samford,1,1,0,0
2013,Arizona,0,0,0,0
2013,Maine,0,0,0,0
2013,Rutgers,7,15,0,0
2013,Kent State,1,4,0,0
2013,San José State,1,1,0,0
2013,Northern Illinois,0,0,0,0
2013,South Florida,3,6,0,0
2013,Brown,0,0,0,0
2013,Towson,0,0,0,0
2013,Florida International,2,6,0,1
2013,North Carolina Central,0,0,0,0
2013,Alabama A&M,0,0,0,0
2013,New Hampshire,1,1,0,0
2013,Arkansas State,1,1,0,0
2013,Nicholls,0,0,0,0
2013,SMU,1,5,0,1
2013,Portland State,0,0,0,0
2013,Central Arkansas,0,0,0,0
2013,Central Connecticut,0,0,0,0
2013,Delaware,0,0,0,0
2013,Coastal Carolina,0,0,0,0
2013,Elon,1,1,0,0
2013,Tennessee State,0,0,0,0
2013,App State,2,3,0,0
2013,Eastern Kentucky,0,0,0,0
2013,McNeese,0,0,0,0
2013,Northern Iowa,0,0,0,0
2013,Utah State,2,5,0,0
2013,Richmond,1,2,0,0
2013,San Diego,0,0,0,0
2013,Middle Tennessee,0,0,0,0
2013,Buffalo,1,2,0,0
2013,Jackson State,0,0,0,0
2013,Villanova,0,0,0,0
2013,Gardner-Webb,0,0,0,0
2013,Ohio,1,1,0,0
2013,Army,0,0,0,0
2013,Idaho,0,0,0,0
2013,Western Illinois,0,0,0,0
2013,William & Mary,1,3,0,0
2013,Rice,2,7,0,1
2013,Sam Houston,0,0,0,0
2013,Monmouth,0,0,0,0
2013,Norfolk State,0,0,0,0
2013,Stephen F. Austin,0,0,0,0
2013,Liberty,0,0,0,0
2013,Massachusetts,1,1,0,0
2013,Missouri State,0,0,0,0
2013,Eastern Illinois,0,0,0,0
2013,Murray State,0,0,0,0
2013,Fordham,0,0,0,0
2013,Florida Atlantic,0,0,0,0
2013,James Madison,1,3,0,0
2013,South Dakota State,0,0,0,0
2013,South Carolina State,0,0,0,0
2013,Lehigh,0,0,0,0
2013,New Mexico State,1,1,0,0
2013,Chattanooga,0,0,0,0
2013,Yale,0,0,0,0
2013,Montana State,0,0,0,0
2013,Florida A&M,1,1,0,0
2013,Presbyterian,0,0,0,0
2013,South Dakota,0,0,0,0
2013,SE Louisiana,1,5,0,1
2013,Arkansas-Pine Bluff,1,4,0,0
2013,Georgia Southern,1,4,0,0
2013,UT Martin,1,2,0,0
2013,Western Kentucky,1,2,0,0
2013,Jacksonville State,1,1,0,0
2013,Princeton,1,1,0,0
2013,Southern Utah,1,1,0,0
2013,Duke,1,1,0,0
2013,Marist,0,0,0,0
2013,Delaware State,0,0,0,0
2013,Texas Southern,0,0,0,0
2013,Navy,0,0,0,0
2013,UTSA,0,0,0,0
2013,South Alabama,0,0,0,0
2013,Charlotte,0,0,0,0
2013,Youngstown State,0,0,0,0
2013,Grambling,0,0,0,0
2013,Lamar,0,0,0,0
2013,Bucknell,0,0,0,0
2013,Drake,0,0,0,0
2013,Georgia State,0,0,0,0
2013,Pennsylvania,0,0,0,0
2013,Wagner,0,0,0,0
2013,Western Carolina,0,0,0,0
2013,Southeast Missouri State,0,0,0,0
2013,Old Dominion,0,0,0,0
2013,Prairie View A&M,0,0,0,0
2013,Morgan State,0,0,0,0
2013,Air Force,0,0,0,0
2013,Dayton,0,0,0,0
2013,Rhode Island,0,0,0,0
2013,North Texas,0,0,0,0
2014,Utah,2,4,0,0
2014,Auburn,4,19,2,0
2014,Michigan,3,12,1,0
2014,Texas,0,0,0,0
2014,West Virginia,2,8,0,0
2014,South Carolina,2,10,1,0
2014,Miami,3,6,0,0
2014,USC,3,11,0,1
2014,Troy,0,0,0,0
2014,Maryland,1,4,0,0
2014,Oklahoma,4,8,0,0
2014,Georgia,2,4,0,0
2014,Florida State,7,29,1,2
2014,Wisconsin,5,14,0,0
2014,LSU,9,31,1,3
2014,Arkansas,4,8,0,0
2014,Nebraska,3,10,0,1
2014,California,2,7,0,0
2014,Ole Miss,1,4,0,0
2014,UAB,0,0,0,0
2014,Northwestern,0,0,0,0
2014,Virginia,3,8,0,0
2014,Fresno State,2,10,0,2
2014,Houston,0,0,0,0
2014,Eastern Washington,0,0,0,0
2014,Tennessee,3,9,1,0
2014,Iowa,3,11,0,0
2014,Ohio State,6,27,2,2
2014,Howard,0,0,0,0
2014,Bethune-Cookman,0,0,0,0
2014,Washington,2,10,0,2
2014,Louisville,4,25,3,0
2014,Oklahoma State,1,7,1,0
2014,Clemson,5,18,1,0
2014,Texas A&M,3,21,3,0
2014,Illinois,0,0,0,0
2014,Northern Colorado,0,0,0,0
2014,San Diego State,2,3,0,0
2014,Syracuse,2,6,0,0
2014,Stanford,6,14,0,1
2014,Akron,0,0,0,0
2014,Indiana,2,6,0,1
2014,Arizona State,3,8,0,0
2014,Florida,4,13,1,0
2014,Notre Dame,8,30,1,2
2014,Virginia Tech,3,11,1,0
2014,Washington State,1,7,1,0
2014,Louisiana Tech,2,4,0,0
2014,Alabama,8,29,2,1
2014,UConn,2,2,0,0
2014,Iowa State,1,2,0,0
2014,Missouri,4,12,0,2
2014,Cal Poly,0,0,0,0
2014,NC State,1,3,0,0
2014,Kentucky,1,2,0,0
2014,Oregon,4,10,0,0
2014,Toledo,0,0,0,0
2014,Purdue,2,4,0,0
2014,Minnesota,2,8,0,1
2014,Southern Illinois,0,0,0,0
2014,Mississippi State,1,4,0,0
2014,Hampton,0,0,0,0
2014,Central Michigan,0,0,0,0
2014,UCLA,5,19,1,1
2014,North Carolina,5,18,1,0
2014,BYU,1,5,0,1
2014,Texas Tech,2,6,0,1
2014,Kansas State,1,1,0,0
2014,New Mexico,0,0,0,0
2014,Tulane,1,2,0,0
2014,Illinois State,1,1,0,0
2014,Kansas,0,0,0,0
2014,North Carolina A&T,0,0,0,0
2014,Cincinnati,0,0,0,0
2014,Miami (OH),0,0,0,0
2014,UNLV,0,0,0,0
2014,Wake Forest,1,1,0,0
2014,Montana,1,2,0,0
2014,Southern Miss,1,4,0,0
2014,TCU,1,7,1,0
2014,Tennessee Tech,0,0,0,0
2014,North Dakota State,1,4,0,0
2014,Temple,0,0,0,0
2014,UL Monroe,0,0,0,0
2014,Oregon State,2,11,1,0
2014,Hawai'i,0,0,0,0
2014,Louisiana,0,0,0,0
2014,Vanderbilt,3,8,0,1
2014,Ball State,2,3,0,0
2014,Colorado State,2,9,0,1
2014,Baylor,5,6,0,0
2014,Michigan State,1,7,1,0
2014,Marshall,1,1,0,0
2014,Pittsburgh,3,12,1,0
2014,UTEP,0,0,0,0
2014,The Citadel,0,0,0,0
2014,Tulsa,0,0,0,0
2014,Eastern Michigan,0,0,0,0
2014,Northern Arizona,0,0,0,0
2014,Bowling Green,0,0,0,0
2014,Harvard,0,0,0,0
2014,Penn State,3,10,0,1
2014,Memphis,1,1,0,0
2014,Boston College,4,8,0,0
2014,Colorado,1,5,0,1
2014,Boise State,3,7,0,1
2014,Western Michigan,0,0,0,0
2014,Alabama State,0,0,0,0
2014,Weber State,0,0,0,0
2014,Northwestern State,0,0,0,0
2014,Georgia Tech,3,7,0,1
2014,UCF,2,8,1,0
2014,East Carolina,0,0,0,0
2014,Furman,1,3,0,0
2014,North Dakota,0,0,0,0
2014,Nevada,1,5,0,1
2014,Cornell,0,0,0,0
2014,Wyoming,2,4,0,0
2014,Texas State,0,0,0,0
2014,Samford,0,0,0,0
2014,Arizona,3,6,0,0
2014,Maine,1,1,0,0
2014,Rutgers,0,0,0,0
2014,Kent State,1,4,0,0
2014,San José State,2,3,0,0
2014,Northern Illinois,2,8,1,0
2014,South Florida,1,2,0,0
2014,Brown,0,0,0,0
2014,Towson,1,4,0,0
2014,Florida International,0,0,0,0
2014,North Carolina Central,0,0,0,0
2014,Alabama A&M,0,0,0,0
2014,New Hampshire,0,0,0,0
2014,Arkansas State,1,2,0,0
2014,Nicholls,0,0,0,0
2014,SMU,2,2,0,0
2014,Portland State,1,1,0,0
2014,Central Arkansas,0,0,0,0
2014,Central Connecticut,0,0,0,0
2014,Delaware,0,0,0,0
2014,Coastal Carolina,2,4,0,0
2014,Elon,0,0,0,0
2014,Tennessee State,2,3,0,0
2014,App State,0,0,0,0
2014,Eastern Kentucky,0,0,0,0
2014,McNeese,0,0,0,0
2014,Northern Iowa,0,0,0,0
2014,Utah State,2,6,0,0
2014,Richmond,0,0,0,0
2014,San Diego,0,0,0,0
2014,Middle Tennessee,1,2,0,0
2014,Buffalo,1,7,1,0
2014,Jackson State,0,0,0,0
2014,Villanova,0,0,0,0
2014,Gardner-Webb,0,0,0,0
2014,Ohio,1,1,0,0
2014,Army,0,0,0,0
2014,Idaho,0,0,0,0
2014,Western Illinois,0,0,0,0
2014,William & Mary,0,0,0,0
2014,Rice,1,4,0,0
2014,Sam Houston,0,0,0,0
2014,Monmouth,0,0,0,0
2014,Norfolk State,0,0,0,0
2014,Stephen F. Austin,0,0,0,0
2014,Liberty,1,3,0,0
2014,Massachusetts,1,1,0,0
2014,Missouri State,0,0,0,0
2014,Eastern Illinois,1,5,0,1
2014,Murray State,1,1,0,0
2014,Fordham,0,0,0,0
2014,Florida Atlantic,2,3,0,0
2014,James Madison,0,0,0,0
2014,South Dakota State,0,0,0,0
2014,South Carolina State,0,0,0,0
2014,Lehigh,0,0,0,0
2014,New Mexico State,0,0,0,0
2014,Chattanooga,0,0,0,0
2014,Yale,0,0,0,0
2014,Montana State,0,0,0,0
2014,Florida A&M,0,0,0,0
2014,Presbyterian,0,0,0,0
2014,South Dakota,1,1,0,0
2014,SE Louisiana,0,0,0,0
2014,Arkansas-Pine Bluff,0,0,0,0
2014,Georgia Southern,2,5,0,0
2014,UT Martin,0,0,0,0
2014,Western Kentucky,2,2,0,0
2014,Jacksonville State,0,0,0,0
2014,Princeton,1,2,0,0
2014,Southern Utah,0,0,0,0
2014,Duke,1,3,0,0
2014,Marist,1,1,0,0
2014,Delaware State,0,0,0,0
2014,Texas Southern,0,0,0,0
2014,Navy,0,0,0,0
2014,UTSA,0,0,0,0
2014,South Alabama,0,0,0,0
2014,Charlotte,0,0,0,0
2014,Youngstown State,0,0,0,0
2014,Grambling,0,0,0,0
2014,Lamar,0,0,0,0
2014,Bucknell,0,0,0,0
2014,Drake,0,0,0,0
2014,Georgia State,0,0,0,0
2014,Pennsylvania,0,0,0,0
2014,Wagner,0,0,0,0
2014,Western Carolina,0,0,0,0
2014,Southeast Missouri State,0,0,0,0
2014,Old Dominion,0,0,0,0
2014,Prairie View A&M,0,0,0,0
2014,Morgan State,0,0,0,0
2014,Air Force,0,0,0,0
2014,Dayton,0,0,0,0
2014,Rhode Island,0,0,0,0
2014,North Texas,0,0,0,0
2015,Utah,4,15,0,2
2015,Auburn,5,14,0,0
2015,Michigan,3,13,0,2
2015,Texas,5,15,1,0
2015,West Virginia,4,13,1,0
2015,South Carolina,4,9,0,0
2015,Miami,7,31,2,1
2015,USC,6,22,2,0
2015,Troy,0,0,0,0
2015,Maryland,2,3,0,0
2015,Oklahoma,6,17,0,1
2015,Georgia,5,17,1,0
2015,Florida State,11,42,2,3
2015,Wisconsin,2,12,1,1
2015,LSU,4,13,0,1
2015,Arkansas,5,8,0,0
2015,Nebraska,3,12,0,2
2015,California,0,0,0,0
2015,Ole Miss,1,5,0,1
2015,UAB,2,3,0,0
2015,Northwestern,2,4,0,0
2015,Virginia,2,5,0,0
2015,Fresno State,3,4,0,0
2015,Houston,0,0,0,0
2015,Eastern Washington,1,1,0,0
2015,Tennessee,0,0,0,0
2015,Iowa,3,14,1,0
2015,Ohio State,5,14,0,1
2015,Howard,0,0,0,0
2015,Bethune-Cookman,0,0,0,0
2015,Washington,4,26,3,1
2015,Louisville,10,27,1,0
2015,Oklahoma State,1,1,0,0
2015,Clemson,5,19,2,0
2015,Texas A&M,2,9,1,0
2015,Illinois,0,0,0,0
2015,Northern Colorado,0,0,0,0
2015,San Diego State,1,3,0,0
2015,Syracuse,0,0,0,0
2015,Stanford,6,26,1,1
2015,Akron,0,0,0,0
2015,Indiana,1,4,0,0
2015,Arizona State,4,17,1,0
2015,Florida,8,29,2,0
2015,Notre Dame,1,1,0,0
2015,Virginia Tech,2,2,0,0
2015,Washington State,2,7,0,0
2015,Louisiana Tech,0,0,0,0
2015,Alabama,7,25,1,2
2015,UConn,2,8,1,0
2015,Iowa State,0,0,0,0
2015,Missouri,6,24,1,3
2015,Cal Poly,0,0,0,0
2015,NC State,0,0,0,0
2015,Kentucky,2,10,1,0
2015,Oregon,5,24,2,1
2015,Toledo,0,0,0,0
2015,Purdue,1,2,0,0
2015,Minnesota,4,12,0,1
2015,Southern Illinois,1,2,0,0
2015,Mississippi State,5,13,0,2
2015,Hampton,0,0,0,0
2015,Central Michigan,1,1,0,0
2015,UCLA,3,11,0,1
2015,North Carolina,0,0,0,0
2015,BYU,0,0,0,0
2015,Texas Tech,0,0,0,0
2015,Kansas State,2,5,0,0
2015,New Mexico,0,0,0,0
2015,Tulane,2,3,0,0
2015,Illinois State,1,2,0,0
2015,Kansas,3,4,0,0
2015,North Carolina A&T,0,0,0,0
2015,Cincinnati,0,0,0,0
2015,Miami (OH),1,5,0,1
2015,UNLV,0,0,0,0
2015,Wake Forest,1,7,1,0
2015,Montana,0,0,0,0
2015,Southern Miss,1,1,0,0
2015,TCU,2,5,0,0
2015,Tennessee Tech,0,0,0,0
2015,North Dakota State,1,2,0,0
2015,Temple,0,0,0,0
2015,UL Monroe,0,0,0,0
2015,Oregon State,5,12,0,0
2015,Hawai'i,1,1,0,0
2015,Louisiana,1,1,0,0
2015,Vanderbilt,0,0,0,0
2015,Ball State,0,0,0,0
2015,Colorado State,2,9,0,1
2015,Baylor,2,4,0,0
2015,Michigan State,4,14,1,0
2015,Marshall,1,1,0,0
2015,Pittsburgh,1,3,0,0
2015,UTEP,0,0,0,0
2015,The Citadel,0,0,0,0
2015,Tulsa,0,0,0,0
2015,Eastern Michigan,0,0,0,0
2015,Northern Arizona,0,0,0,0
2015,Bowling Green,0,0,0,0
2015,Harvard,0,0,0,0
2015,Penn State,3,9,0,1
2015,Memphis,2,3,0,0
2015,Boston College,3,3,0,0
2015,Colorado,0,0,0,0
2015,Boise State,1,2,0,0
2015,Western Michigan,0,0,0,0
2015,Alabama State,0,0,0,0
2015,Weber State,0,0,0,0
2015,Northwestern State,1,1,0,0
2015,Georgia Tech,3,7,0,0
2015,UCF,2,10,1,0
2015,East Carolina,1,3,0,0
2015,Furman,0,0,0,0
2015,North Dakota,0,0,0,0
2015,Nevada,0,0,0,0
2015,Cornell,0,0,0,0
2015,Wyoming,1,1,0,0
2015,Texas State,2,6,0,0
2015,Samford,1,5,0,1
2015,Arizona,0,0,0,0
2015,Maine,0,0,0,0
2015,Rutgers,2,6,0,0
2015,Kent State,0,0,0,0
2015,San José State,1,1,0,0
2015,Northern Illinois,1,1,0,0
2015,South Florida,2,2,0,0
2015,Brown,0,0,0,0
2015,Towson,1,2,0,0
2015,Florida International,0,0,0,0
2015,North Carolina Central,0,0,0,0
2015,Alabama A&M,0,0,0,0
2015,New Hampshire,0,0,0,0
2015,Arkansas State,0,0,0,0
2015,Nicholls,0,0,0,0
2015,SMU,0,0,0,0
2015,Portland State,0,0,0,0
2015,Central Arkansas,1,1,0,0
2015,Central Connecticut,0,0,0,0
2015,Delaware,1,2,0,0
2015,Coastal Carolina,0,0,0,0
2015,Elon,0,0,0,0
2015,Tennessee State,2,3,0,0
2015,App State,0,0,0,0
2015,Eastern Kentucky,0,0,0,0
2015,McNeese,0,0,0,0
2015,Northern Iowa,1,4,0,0
2015,Utah State,0,0,0,0
2015,Richmond,0,0,0,0
2015,San Diego,0,0,0,0
2015,Middle Tennessee,0,0,0,0
2015,Buffalo,1,1,0,0
2015,Jackson State,0,0,0,0
2015,Villanova,0,0,0,0
2015,Gardner-Webb,0,0,0,0
2015,Ohio,0,0,0,0
2015,Army,0,0,0,0
2015,Idaho,0,0,0,0
2015,Western Illinois,0,0,0,0
2015,William & Mary,1,1,0,0
2015,Rice,1,1,0,0
2015,Sam Houston,0,0,0,0
2015,Monmouth,1,1,0,0
2015,Norfolk State,0,0,0,0
2015,Stephen F. Austin,0,0,0,0
2015,Liberty,0,0,0,0
2015,Massachusetts,0,0,0,0
2015,Missouri State,0,0,0,0
2015,Eastern Illinois,0,0,0,0
2015,Murray State,0,0,0,0
2015,Fordham,0,0,0,0
2015,Florida Atlantic,1,4,0,0
2015,James Madison,0,0,0,0
2015,South Dakota State,0,0,0,0
2015,South Carolina State,0,0,0,0
2015,Lehigh,0,0,0,0
2015,New Mexico State,0,0,0,0
2015,Chattanooga,1,2,0,0
2015,Yale,0,0,0,0
2015,Montana State,0,0,0,0
2015,Florida A&M,0,0,0,0
2015,Presbyterian,0,0,0,0
2015,South Dakota,0,0,0,0
2015,SE Louisiana,0,0,0,0
2015,Arkansas-Pine Bluff,0,0,0,0
2015,Georgia Southern,0,0,0,0
2015,UT Martin,0,0,0,0
2015,Western Kentucky,0,0,0,0
2015,Jacksonville State,0,0,0,0
2015,Princeton,0,0,0,0
2015,Southern Utah,0,0,0,0
2015,Duke,2,10,1,0
2015,Marist,0,0,0,0
2015,Delaware State,1,3,0,0
2015,Texas Southern,1,3,0,0
2015,Navy,1,2,0,0
2015,UTSA,0,0,0,0
2015,South Alabama,0,0,0,0
2015,Charlotte,0,0,0,0
2015,Youngstown State,0,0,0,0
2015,Grambling,0,0,0,0
2015,Lamar,0,0,0,0
2015,Bucknell,0,0,0,0
2015,Drake,0,0,0,0
2015,Georgia State,0,0,0,0
2015,Pennsylvania,0,0,0,0
2015,Wagner,0,0,0,0
2015,Western Carolina,0,0,0,0
2015,Southeast Missouri State,0,0,0,0
2015,Old Dominion,0,0,0,0
2015,Prairie View A&M,0,0,0,0
2015,Morgan State,0,0,0,0
2015,Air Force,0,0,0,0
2015,Dayton,0,0,0,0
2015,Rhode Island,0,0,0,0
2015,North Texas,0,0,0,0
2016,Utah,1,3,0,0
2016,Auburn,3,8,0,0
2016,Michigan,3,8,0,0
2016,Texas,1,3,0,0
2016,West Virginia,5,18,1,0
2016,South Carolina,3,6,0,0
2016,Miami,2,10,1,0
2016,USC,4,14,0,1
2016,Troy,0,0,0,0
2016,Maryland,3,11,0,1
2016,Oklahoma,4,11,0,1
2016,Georgia,5,17,1,0
2016,Florida State,2,12,1,1
2016,Wisconsin,2,4,0,0
2016,LSU,5,13,0,1
2016,Arkansas,5,11,0,1
2016,Nebraska,4,12,0,0
2016,California,4,11,1,0
2016,Ole Miss,5,24,3,0
2016,UAB,0,0,0,0
2016,Northwestern,2,4,0,0
2016,Virginia,1,1,0,0
2016,Fresno State,0,0,0,0
2016,Houston,3,9,1,0
2016,Eastern Washington,0,0,0,0
2016,Tennessee,0,0,0,0
2016,Iowa,1,1,0,0
2016,Ohio State,12,63,5,2
2016,Howard,0,0,0,0
2016,Bethune-Cookman,0,0,0,0
2016,Washington,2,2,0,0
2016,Louisville,1,7,1,0
2016,Oklahoma State,1,5,0,1
2016,Clemson,9,30,1,3
2016,Texas A&M,3,12,1,0
2016,Illinois,3,7,0,1
2016,Northern Colorado,0,0,0,0
2016,San Diego State,0,0,0,0
2016,Syracuse,1,1,0,0
2016,Stanford,5,17,1,0
2016,Akron,1,2,0,0
2016,Indiana,3,8,0,1
2016,Arizona State,2,3,0,0
2016,Florida,7,26,2,0
2016,Notre Dame,7,35,2,2
2016,Virginia Tech,2,5,0,0
2016,Washington State,1,2,0,0
2016,Louisiana Tech,3,11,1,0
2016,Alabama,7,36,1,5
2016,UConn,0,0,0,0
2016,Iowa State,0,0,0,0
2016,Missouri,3,7,0,0
2016,Cal Poly,0,0,0,0
2016,NC State,3,11,0,0
2016,Kentucky,1,1,0,0
2016,Oregon,2,8,1,0
2016,Toledo,0,0,0,0
2016,Purdue,1,1,0,0
2016,Minnesota,2,6,0,0
2016,Southern Illinois,0,0,0,0
2016,Mississippi State,3,12,0,1
2016,Hampton,0,0,0,0
2016,Central Michigan,1,1,0,0
2016,UCLA,8,21,1,1
2016,North Carolina,0,0,0,0
2016,BYU,1,4,0,0
2016,Texas Tech,3,7,0,0
2016,Kansas State,1,5,0,1
2016,New Mexico,0,0,0,0
2016,Tulane,0,0,0,0
2016,Illinois State,0,0,0,0
2016,Kansas,0,0,0,0
2016,North Carolina A&T,0,0,0,0
2016,Cincinnati,2,6,0,0
2016,Miami (OH),0,0,0,0
2016,UNLV,0,0,0,0
2016,Wake Forest,0,0,0,0
2016,Montana,1,1,0,0
2016,Southern Miss,2,2,0,0
2016,TCU,5,14,1,0
2016,Tennessee Tech,0,0,0,0
2016,North Dakota State,2,9,1,0
2016,Temple,3,6,0,0
2016,UL Monroe,1,2,0,0
2016,Oregon State,1,4,0,0
2016,Hawai'i,0,0,0,0
2016,Louisiana,0,0,0,0
2016,Vanderbilt,1,1,0,0
2016,Ball State,0,0,0,0
2016,Colorado State,2,3,0,0
2016,Baylor,6,19,1,1
2016,Michigan State,5,16,1,0
2016,Marshall,0,0,0,0
2016,Pittsburgh,1,5,0,1
2016,UTEP,0,0,0,0
2016,The Citadel,0,0,0,0
2016,Tulsa,0,0,0,0
2016,Eastern Michigan,1,1,0,0
2016,Northern Arizona,0,0,0,0
2016,Bowling Green,0,0,0,0
2016,Harvard,1,2,0,0
2016,Penn State,5,16,0,2
2016,Memphis,1,7,1,0
2016,Boston College,2,5,0,0
2016,Colorado,0,0,0,0
2016,Boise State,3,13,0,1
2016,Western Michigan,2,4,0,0
2016,Alabama State,0,0,0,0
2016,Weber State,0,0,0,0
2016,Northwestern State,0,0,0,0
2016,Georgia Tech,2,6,0,1
2016,UCF,0,0,0,0
2016,East Carolina,0,0,0,0
2016,Furman,0,0,0,0
2016,North Dakota,0,0,0,0
2016,Nevada,0,0,0,0
2016,Cornell,0,0,0,0
2016,Wyoming,0,0,0,0
2016,Texas State,0,0,0,0
2016,Samford,1,5,0,1
2016,Arizona,2,2,0,0
2016,Maine,1,1,0,0
2016,Rutgers,1,4,0,0
2016,Kent State,0,0,0,0
2016,San José State,2,4,0,0
2016,Northern Illinois,0,0,0,0
2016,South Florida,0,0,0,0
2016,Brown,0,0,0,0
2016,Towson,0,0,0,0
2016,Florida International,0,0,0,0
2016,North Carolina Central,1,3,0,0
2016,Alabama A&M,0,0,0,0
2016,New Hampshire,0,0,0,0
2016,Arkansas State,0,0,0,0
2016,Nicholls,0,0,0,0
2016,SMU,0,0,0,0
2016,Portland State,0,0,0,0
2016,Central Arkansas,1,1,0,0
2016,Central Connecticut,0,0,0,0
2016,Delaware,0,0,0,0
2016,Coastal Carolina,0,0,0,0
2016,Elon,0,0,0,0
2016,Tennessee State,0,0,0,0
2016,App State,1,2,0,0
2016,Eastern Kentucky,1,5,0,1
2016,McNeese,0,0,0,0
2016,Northern Iowa,1,3,0,0
2016,Utah State,2,8,0,0
2016,Richmond,0,0,0,0
2016,San Diego,0,0,0,0
2016,Middle Tennessee,1,4,0,0
2016,Buffalo,0,0,0,0
2016,Jackson State,0,0,0,0
2016,Villanova,0,0,0,0
2016,Gardner-Webb,0,0,0,0
2016,Ohio,0,0,0,0
2016,Army,0,0,0,0
2016,Idaho,0,0,0,0
2016,Western Illinois,0,0,0,0
2016,William & Mary,1,1,0,0
2016,Rice,0,0,0,0
2016,Sam Houston,1,1,0,0
2016,Monmouth,0,0,0,0
2016,Norfolk State,0,0,0,0
2016,Stephen F. Austin,0,0,0,0
2016,Liberty,0,0,0,0
2016,Massachusetts,1,2,0,0
2016,Missouri State,0,0,0,0
2016,Eastern Illinois,1,1,0,0
2016,Murray State,0,0,0,0
2016,Fordham,0,0,0,0
2016,Florida Atlantic,0,0,0,0
2016,James Madison,0,0,0,0
2016,South Dakota State,0,0,0,0
2016,South Carolina State,2,5,0,0
2016,Lehigh,0,0,0,0
2016,New Mexico State,0,0,0,0
2016,Chattanooga,0,0,0,0
2016,Yale,0,0,0,0
2016,Montana State,1,1,0,0
2016,Florida A&M,0,0,0,0
2016,Presbyterian,0,0,0,0
2016,South Dakota,0,0,0,0
2016,SE Louisiana,1,1,0,0
2016,Arkansas-Pine Bluff,0,0,0,0
2016,Georgia Southern,1,2,0,0
2016,UT Martin,0,0,0,0
2016,Western Kentucky,3,5,0,0
2016,Jacksonville State,0,0,0,0
2016,Princeton,1,3,0,0
2016,Southern Utah,2,5,0,0
2016,Duke,0,0,0,0
2016,Marist,0,0,0,0
2016,Delaware State,0,0,0,0
2016,Texas Southern,0,0,0,0
2016,Navy,1,1,0,0
2016,UTSA,1,1,0,0
2016,South Alabama,0,0,0,0
2016,Charlotte,0,0,0,0
2016,Youngstown State,0,0,0,0
2016,Grambling,0,0,0,0
2016,Lamar,0,0,0,0
2016,Bucknell,0,0,0,0
2016,Drake,0,0,0,0
2016,Georgia State,0,0,0,0
2016,Pennsylvania,0,0,0,0
2016,Wagner,0,0,0,0
2016,Western Carolina,0,0,0,0
2016,Southeast Missouri State,0,0,0,0
2016,Old Dominion,0,0,0,0
2016,Prairie View A&M,0,0,0,0
2016,Morgan State,0,0,0,0
2016,Air Force,0,0,0,0
2016,Dayton,0,0,0,0
2016,Rhode Island,0,0,0,0
2016,North Texas,0,0,0,0
2017,Utah,8,23,1,1
2017,Auburn,4,9,0,0
2017,Michigan,11,42,2,0
2017,Texas,1,4,0,0
2017,West Virginia,2,6,0,0
2017,South Carolina,0,0,0,0
2017,Miami,9,19,1,0
2017,USC,5,17,1,1
2017,Troy,1,4,0,0
2017,Maryland,0,0,0,0
2017,Oklahoma,4,12,0,1
2017,Georgia,1,2,0,0
2017,Florida State,4,13,0,2
2017,Wisconsin,3,17,2,0
2017,LSU,8,37,3,1
2017,Arkansas,3,6,0,0
2017,Nebraska,1,2,0,0
2017,California,3,8,0,0
2017,Ole Miss,4,10,1,0
2017,UAB,0,0,0,0
2017,Northwestern,2,3,0,0
2017,Virginia,0,0,0,0
2017,Fresno State,0,0,0,0
2017,Houston,3,9,0,1
2017,Eastern Washington,2,7,0,0
2017,Tennessee,6,24,1,0
2017,Iowa,4,11,0,0
2017,Ohio State,7,36,3,2
2017,Howard,0,0,0,0
2017,Bethune-Cookman,0,0,0,0
2017,Washington,5,23,1,3
2017,Louisville,2,2,0,0
2017,Oklahoma State,2,2,0,0
2017,Clemson,6,26,2,0
2017,Texas A&M,5,21,1,1
2017,Illinois,1,4,0,0
2017,Northern Colorado,0,0,0,0
2017,San Diego State,3,8,0,0
2017,Syracuse,0,0,0,0
2017,Stanford,2,14,2,0
2017,Akron,0,0,0,0
2017,Indiana,1,4,0,0
2017,Arizona State,1,1,0,0
2017,Florida,8,31,1,3
2017,Notre Dame,2,6,0,1
2017,Virginia Tech,4,4,0,0
2017,Washington State,1,1,0,0
2017,Louisiana Tech,3,7,0,0
2017,Alabama,10,54,4,3
2017,UConn,1,5,0,1
2017,Iowa State,0,0,0,0
2017,Missouri,1,7,1,0
2017,Cal Poly,0,0,0,0
2017,NC State,3,7,0,1
2017,Kentucky,0,0,0,0
2017,Oregon,0,0,0,0
2017,Toledo,3,8,0,0
2017,Purdue,1,2,0,0
2017,Minnesota,1,1,0,0
2017,Southern Illinois,0,0,0,0
2017,Mississippi State,1,1,0,0
2017,Hampton,0,0,0,0
2017,Central Michigan,0,0,0,0
2017,UCLA,5,18,1,0
2017,North Carolina,6,20,1,0
2017,BYU,1,3,0,0
2017,Texas Tech,1,7,1,0
2017,Kansas State,2,5,0,0
2017,New Mexico,0,0,0,0
2017,Tulane,1,1,0,0
2017,Illinois State,0,0,0,0
2017,Kansas,0,0,0,0
2017,North Carolina A&T,1,3,0,0
2017,Cincinnati,1,1,0,0
2017,Miami (OH),0,0,0,0
2017,UNLV,0,0,0,0
2017,Wake Forest,1,2,0,0
2017,Montana,0,0,0,0
2017,Southern Miss,0,0,0,0
2017,TCU,1,1,0,0
2017,Tennessee Tech,0,0,0,0
2017,North Dakota State,0,0,0,0
2017,Temple,3,14,1,1
2017,UL Monroe,0,0,0,0
2017,Oregon State,2,5,0,0
2017,Hawai'i,0,0,0,0
2017,Louisiana,1,1,0,0
2017,Vanderbilt,2,7,0,1
2017,Ball State,0,0,0,0
2017,Colorado State,0,0,0,0
2017,Baylor,1,1,0,0
2017,Michigan State,2,8,0,1
2017,Marshall,0,0,0,0
2017,Pittsburgh,5,11,0,0
2017,UTEP,1,2,0,0
2017,The Citadel,0,0,0,0
2017,Tulsa,0,0,0,0
2017,Eastern Michigan,1,1,0,0
2017,Northern Arizona,0,0,0,0
2017,Bowling Green,0,0,0,0
2017,Harvard,0,0,0,0
2017,Penn State,1,4,0,0
2017,Memphis,1,2,0,0
2017,Boston College,2,6,0,0
2017,Colorado,4,13,0,1
2017,Boise State,2,3,0,0
2017,Western Michigan,3,13,1,1
2017,Alabama State,1,1,0,0
2017,Weber State,0,0,0,0
2017,Northwestern State,0,0,0,0
2017,Georgia Tech,1,1,0,0
2017,UCF,1,4,0,0
2017,East Carolina,1,5,0,1
2017,Furman,0,0,0,0
2017,North Dakota,0,0,0,0
2017,Nevada,0,0,0,0
2017,Cornell,0,0,0,0
2017,Wyoming,2,3,0,0
2017,Texas State,0,0,0,0
2017,Samford,0,0,0,0
2017,Arizona,0,0,0,0
2017,Maine,0,0,0,0
2017,Rutgers,0,0,0,0
2017,Kent State,0,0,0,0
2017,San José State,0,0,0,0
2017,Northern Illinois,1,4,0,0
2017,South Florida,3,6,0,0
2017,Brown,0,0,0,0
2017,Towson,0,0,0,0
2017,Florida International,1,4,0,0
2017,North Carolina Central,0,0,0,0
2017,Alabama A&M,0,0,0,0
2017,New Hampshire,0,0,0,0
2017,Arkansas State,0,0,0,0
2017,Nicholls,0,0,0,0
2017,SMU,0,0,0,0
2017,Portland State,0,0,0,0
2017,Central Arkansas,0,0,0,0
2017,Central Connecticut,0,0,0,0
2017,Delaware,0,0,0,0
2017,Coastal Carolina,1,1,0,0
2017,Elon,0,0,0,0
2017,Tennessee State,0,0,0,0
2017,App State,0,0,0,0
2017,Eastern Kentucky,0,0,0,0
2017,McNeese,0,0,0,0
2017,Northern Iowa,0,0,0,0
2017,Utah State,1,1,0,0
2017,Richmond,0,0,0,0
2017,San Diego,1,2,0,0
2017,Middle Tennessee,0,0,0,0
2017,Buffalo,1,1,0,0
2017,Jackson State,0,0,0,0
2017,Villanova,2,6,0,1
2017,Gardner-Webb,0,0,0,0
2017,Ohio,2,6,0,0
2017,Army,0,0,0,0
2017,Idaho,0,0,0,0
2017,Western Illinois,0,0,0,0
2017,William & Mary,0,0,0,0
2017,Rice,0,0,0,0
2017,Sam Houston,0,0,0,0
2017,Monmouth,0,0,0,0
2017,Norfolk State,0,0,0,0
2017,Stephen F. Austin,0,0,0,0
2017,Liberty,0,0,0,0
2017,Massachusetts,0,0,0,0
2017,Missouri State,0,0,0,0
2017,Eastern Illinois,0,0,0,0
2017,Murray State,0,0,0,0
2017,Fordham,0,0,0,0
2017,Florida Atlantic,1,4,0,0
2017,James Madison,0,0,0,0
2017,South Dakota State,0,0,0,0
2017,South Carolina State,0,0,0,0
2017,Lehigh,0,0,0,0
2017,New Mexico State,0,0,0,0
2017,Chattanooga,1,1,0,0
2017,Yale,0,0,0,0
2017,Montana State,0,0,0,0
2017,Florida A&M,0,0,0,0
2017,Presbyterian,0,0,0,0
2017,South Dakota,0,0,0,0
2017,SE Louisiana,0,0,0,0
2017,Arkansas-Pine Bluff,0,0,0,0
2017,Georgia Southern,1,2,0,0
2017,UT Martin,0,0,0,0
2017,Western Kentucky,2,9,0,1
2017,Jacksonville State,0,0,0,0
2017,Princeton,0,0,0,0
2017,Southern Utah,0,0,0,0
2017,Duke,0,0,0,0
2017,Marist,0,0,0,0
2017,Delaware State,0,0,0,0
2017,Texas Southern,0,0,0,0
2017,Navy,0,0,0,0
2017,UTSA,0,0,0,0
2017,South Alabama,1,5,0,1
2017,Charlotte,1,4,0,0
2017,Youngstown State,2,6,0,0
2017,Grambling,1,4,0,0
2017,Lamar,1,4,0,0
2017,Bucknell,1,3,0,0
2017,Drake,1,2,0,0
2017,Georgia State,1,1,0,0
2017,Pennsylvania,0,0,0,0
2017,Wagner,0,0,0,0
2017,Western Carolina,0,0,0,0
2017,Southeast Missouri State,0,0,0,0
2017,Old Dominion,0,0,0,0
2017,Prairie View A&M,0,0,0,0
2017,Morgan State,0,0,0,0
2017,Air Force,0,0,0,0
2017,Dayton,0,0,0,0
2017,Rhode Island,0,0,0,0
2017,North Texas,0,0,0,0
2018,Utah,1,1,0,0
2018,Auburn,4,17,0,3
2018,Michigan,2,6,0,0
2018,Texas,4,12,0,1
2018,West Virginia,1,3,0,0
2018,South Carolina,1,7,1,0
2018,Miami,6,14,0,0
2018,USC,4,21,1,2
2018,Troy,0,0,0,0
2018,Maryland,2,9,1,0
2018,Oklahoma,4,17,1,0
2018,Georgia,6,31,3,1
2018,Florida State,6,19,1,0
2018,Wisconsin,5,9,0,0
2018,LSU,7,22,0,3
2018,Arkansas,2,8,1,0
2018,Nebraska,1,1,0,0
2018,California,2,2,0,0
2018,Ole Miss,4,11,0,1
2018,UAB,0,0,0,0
2018,Northwestern,1,1,0,0
2018,Virginia,2,4,0,0
2018,Fresno State,0,0,0,0
2018,Houston,1,1,0,0
2018,Eastern Washington,0,0,0,0
2018,Tennessee,3,6,0,0
2018,Iowa,3,13,0,2
2018,Ohio State,7,32,2,1
2018,Howard,0,0,0,0
2018,Bethune-Cookman,0,0,0,0
2018,Washington,5,17,1,1
2018,Louisville,4,19,2,0
2018,Oklahoma State,4,12,0,1
2018,Clemson,3,6,0,0
2018,Texas A&M,3,9,0,1
2018,Illinois,0,0,0,0
2018,Northern Colorado,0,0,0,0
2018,San Diego State,2,8,1,0
2018,Syracuse,1,1,0,0
2018,Stanford,4,12,0,0
2018,Akron,0,0,0,0
2018,Indiana,2,4,0,0
2018,Arizona State,3,5,0,0
2018,Florida,5,18,1,1
2018,Notre Dame,4,18,2,0
2018,Virginia Tech,5,19,2,0
2018,Washington State,2,3,0,0
2018,Louisiana Tech,1,1,0,0
2018,Alabama,12,44,4,0
2018,UConn,1,1,0,0
2018,Iowa State,0,0,0,0
2018,Missouri,1,3,0,0
2018,Cal Poly,0,0,0,0
2018,NC State,7,26,1,0
2018,Kentucky,0,0,0,0
2018,Oregon,2,6,0,0
2018,Toledo,1,1,0,0
2018,Purdue,1,2,0,0
2018,Minnesota,0,0,0,0
2018,Southern Illinois,0,0,0,0
2018,Mississippi State,4,7,0,0
2018,Hampton,0,0,0,0
2018,Central Michigan,1,2,0,0
2018,UCLA,5,21,2,0
2018,North Carolina,3,7,0,1
2018,BYU,1,4,0,0
2018,Texas Tech,2,4,0,0
2018,Kansas State,1,2,0,0
2018,New Mexico,1,1,0,0
2018,Tulane,2,2,0,0
2018,Illinois State,1,2,0,0
2018,Kansas,1,3,0,0
2018,North Carolina A&T,1,4,0,0
2018,Cincinnati,1,1,0,0
2018,Miami (OH),0,0,0,0
2018,UNLV,0,0,0,0
2018,Wake Forest,2,6,0,1
2018,Montana,0,0,0,0
2018,Southern Miss,3,8,0,0
2018,TCU,3,6,0,0
2018,Tennessee Tech,0,0,0,0
2018,North Dakota State,0,0,0,0
2018,Temple,2,2,0,0
2018,UL Monroe,0,0,0,0
2018,Oregon State,0,0,0,0
2018,Hawai'i,0,0,0,0
2018,Louisiana,2,5,0,0
2018,Vanderbilt,1,4,0,0
2018,Ball State,0,0,0,0
2018,Colorado State,1,4,0,0
2018,Baylor,0,0,0,0
2018,Michigan State,1,3,0,0
2018,Marshall,0,0,0,0
2018,Pittsburgh,3,11,0,1
2018,UTEP,1,5,0,1
2018,The Citadel,0,0,0,0
2018,Tulsa,0,0,0,0
2018,Eastern Michigan,0,0,0,0
2018,Northern Arizona,0,0,0,0
2018,Bowling Green,0,0,0,0
2018,Harvard,0,0,0,0
2018,Penn State,6,21,1,1
2018,Memphis,2,7,0,1
2018,Boston College,3,10,0,1
2018,Colorado,1,5,0,1
2018,Boise State,2,8,1,0
2018,Western Michigan,2,6,0,0
2018,Alabama State,0,0,0,0
2018,Weber State,1,3,0,0
2018,Northwestern State,0,0,0,0
2018,Georgia Tech,0,0,0,0
2018,UCF,4,17,1,0
2018,East Carolina,0,0,0,0
2018,Furman,0,0,0,0
2018,North Dakota,0,0,0,0
2018,Nevada,1,5,0,1
2018,Cornell,0,0,0,0
2018,Wyoming,1,7,1,0
2018,Texas State,0,0,0,0
2018,Samford,0,0,0,0
2018,Arizona,1,2,0,0
2018,Maine,1,1,0,0
2018,Rutgers,2,6,0,1
2018,Kent State,0,0,0,0
2018,San José State,1,1,0,0
2018,Northern Illinois,0,0,0,0
2018,South Florida,2,6,0,0
2018,Brown,0,0,0,0
2018,Towson,0,0,0,0
2018,Florida International,1,1,0,0
2018,North Carolina Central,0,0,0,0
2018,Alabama A&M,0,0,0,0
2018,New Hampshire,0,0,0,0
2018,Arkansas State,0,0,0,0
2018,Nicholls,0,0,0,0
2018,SMU,3,7,0,1
2018,Portland State,0,0,0,0
2018,Central Arkansas,1,1,0,0
2018,Central Connecticut,0,0,0,0
2018,Delaware,1,2,0,0
2018,Coastal Carolina,0,0,0,0
2018,Elon,0,0,0,0
2018,Tennessee State,0,0,0,0
2018,App State,1,1,0,0
2018,Eastern Kentucky,0,0,0,0
2018,McNeese,0,0,0,0
2018,Northern Iowa,1,2,0,0
2018,Utah State,0,0,0,0
2018,Richmond,1,3,0,0
2018,San Diego,0,0,0,0
2018,Middle Tennessee,1,1,0,0
2018,Buffalo,0,0,0,0
2018,Jackson State,0,0,0,0
2018,Villanova,0,0,0,0
2018,Gardner-Webb,0,0,0,0
2018,Ohio,1,1,0,0
2018,Army,0,0,0,0
2018,Idaho,0,0,0,0
2018,Western Illinois,0,0,0,0
2018,William & Mary,0,0,0,0
2018,Rice,0,0,0,0
2018,Sam Houston,1,5,0,1
2018,Monmouth,0,0,0,0
2018,Norfolk State,0,0,0,0
2018,Stephen F. Austin,1,3,0,0
2018,Liberty,0,0,0,0
2018,Massachusetts,0,0,0,0
2018,Missouri State,0,0,0,0
2018,Eastern Illinois,0,0,0,0
2018,Murray State,0,0,0,0
2018,Fordham,1,3,0,0
2018,Florida Atlantic,0,0,0,0
2018,James Madison,0,0,0,0
2018,South Dakota State,1,5,0,1
2018,South Carolina State,1,5,0,1
2018,Lehigh,0,0,0,0
2018,New Mexico State,1,3,0,0
2018,Chattanooga,0,0,0,0
2018,Yale,1,1,0,0
2018,Montana State,0,0,0,0
2018,Florida A&M,0,0,0,0
2018,Presbyterian,0,0,0,0
2018,South Dakota,0,0,0,0
2018,SE Louisiana,0,0,0,0
2018,Arkansas-Pine Bluff,0,0,0,0
2018,Georgia Southern,0,0,0,0
2018,UT Martin,0,0,0,0
2018,Western Kentucky,2,5,0,0
2018,Jacksonville State,1,2,0,0
2018,Princeton,0,0,0,0
2018,Southern Utah,0,0,0,0
2018,Duke,0,0,0,0
2018,Marist,0,0,0,0
2018,Delaware State,0,0,0,0
2018,Texas Southern,0,0,0,0
2018,Navy,0,0,0,0
2018,UTSA,1,7,1,0
2018,South Alabama,0,0,0,0
2018,Charlotte,0,0,0,0
2018,Youngstown State,0,0,0,0
2018,Grambling,0,0,0,0
2018,Lamar,0,0,0,0
2018,Bucknell,0,0,0,0
2018,Drake,0,0,0,0
2018,Georgia State,0,0,0,0
2018,Pennsylvania,1,2,0,0
2018,Wagner,1,1,0,0
2018,Western Carolina,1,1,0,0
2018,Southeast Missouri State,1,1,0,0
2018,Old Dominion,0,0,0,0
2018,Prairie View A&M,0,0,0,0
2018,Morgan State,0,0,0,0
2018,Air Force,0,0,0,0
2018,Dayton,0,0,0,0
2018,Rhode Island,0,0,0,0
2018,North Texas,0,0,0,0
2019,Utah,5,15,0,1
2019,Auburn,6,12,0,0
2019,Michigan,5,24,2,0
2019,Texas,2,3,0,0
2019,West Virginia,5,15,0,0
2019,South Carolina,3,7,0,1
2019,Miami,5,9,0,0
2019,USC,4,11,0,0
2019,Troy,0,0,0,0
2019,Maryland,4,11,1,0
2019,Oklahoma,8,32,2,1
2019,Georgia,7,20,1,1
2019,Florida State,2,8,1,0
2019,Wisconsin,4,10,0,0
2019,LSU,3,15,1,1
2019,Arkansas,3,6,0,0
2019,Nebraska,0,0,0,0
2019,California,0,0,0,0
2019,Ole Miss,6,21,0,3
2019,UAB,0,0,0,0
2019,Northwestern,1,2,0,0
2019,Virginia,2,6,0,1
2019,Fresno State,1,1,0,0
2019,Houston,3,11,1,0
2019,Eastern Washington,0,0,0,0
2019,Tennessee,0,0,0,0
2019,Iowa,4,20,2,0
2019,Ohio State,9,35,2,1
2019,Howard,0,0,0,0
2019,Bethune-Cookman,0,0,0,0
2019,Washington,8,30,1,3
2019,Louisville,0,0,0,0
2019,Oklahoma State,2,4,0,0
2019,Clemson,6,31,3,1
2019,Texas A&M,7,16,0,1
2019,Illinois,1,1,0,0
2019,Northern Colorado,0,0,0,0
2019,San Diego State,1,4,0,0
2019,Syracuse,1,1,0,0
2019,Stanford,5,15,0,1
2019,Akron,1,1,0,0
2019,Indiana,1,3,0,0
2019,Arizona State,2,10,1,0
2019,Florida,5,16,0,1
2019,Notre Dame,6,19,1,0
2019,Virginia Tech,0,0,0,0
2019,Washington State,2,8,1,0
2019,Louisiana Tech,1,4,0,0
2019,Alabama,10,40,3,1
2019,UConn,0,0,0,0
2019,Iowa State,2,7,0,0
2019,Missouri,2,6,0,1
2019,Cal Poly,0,0,0,0
2019,NC State,4,15,1,0
2019,Kentucky,5,20,1,1
2019,Oregon,4,7,0,0
2019,Toledo,2,5,0,0
2019,Purdue,0,0,0,0
2019,Minnesota,1,2,0,0
2019,Southern Illinois,0,0,0,0
2019,Mississippi State,5,27,3,1
2019,Hampton,0,0,0,0
2019,Central Michigan,2,6,0,1
2019,UCLA,1,1,0,0
2019,North Carolina,1,2,0,0
2019,BYU,1,4,0,0
2019,Texas Tech,1,1,0,0
2019,Kansas State,2,6,0,1
2019,New Mexico,0,0,0,0
2019,Tulane,1,1,0,0
2019,Illinois State,0,0,0,0
2019,Kansas,0,0,0,0
2019,North Carolina A&T,1,1,0,0
2019,Cincinnati,1,1,0,0
2019,Miami (OH),0,0,0,0
2019,UNLV,0,0,0,0
2019,Wake Forest,1,3,0,0
2019,Montana,0,0,0,0
2019,Southern Miss,0,0,0,0
2019,TCU,3,13,1,1
2019,Tennessee Tech,0,0,0,0
2019,North Dakota State,1,2,0,0
2019,Temple,3,8,0,1
2019,UL Monroe,1,1,0,0
2019,Oregon State,0,0,0,0
2019,Hawai'i,2,6,0,1
2019,Louisiana,0,0,0,0
2019,Vanderbilt,2,6,0,1
2019,Ball State,0,0,0,0
2019,Colorado State,1,1,0,0
2019,Baylor,1,4,0,0
2019,Michigan State,2,7,0,0
2019,Marshall,0,0,0,0
2019,Pittsburgh,1,2,0,0
2019,UTEP,0,0,0,0
2019,The Citadel,0,0,0,0
2019,Tulsa,0,0,0,0
2019,Eastern Michigan,1,3,0,0
2019,Northern Arizona,0,0,0,0
2019,Bowling Green,1,1,0,0
2019,Harvard,0,0,0,0
2019,Penn State,6,16,0,1
2019,Memphis,2,7,0,0
2019,Boston College,4,16,1,0
2019,Colorado,1,1,0,0
2019,Boise State,1,4,0,0
2019,Western Michigan,0,0,0,0
2019,Alabama State,1,7,1,0
2019,Weber State,0,0,0,0
2019,Northwestern State,0,0,0,0
2019,Georgia Tech,0,0,0,0
2019,UCF,1,5,0,1
2019,East Carolina,0,0,0,0
2019,Furman,0,0,0,0
2019,North Dakota,0,0,0,0
2019,Nevada,0,0,0,0
2019,Cornell,0,0,0,0
2019,Wyoming,1,1,0,0
2019,Texas State,0,0,0,0
2019,Samford,0,0,0,0
2019,Arizona,1,1,0,0
2019,Maine,0,0,0,0
2019,Rutgers,2,2,0,0
2019,Kent State,0,0,0,0
2019,San José State,1,4,0,0
2019,Northern Illinois,2,6,0,1
2019,South Florida,0,0,0,0
2019,Brown,0,0,0,0
2019,Towson,0,0,0,0
2019,Florida International,0,0,0,0
2019,North Carolina Central,0,0,0,0
2019,Alabama A&M,0,0,0,0
2019,New Hampshire,0,0,0,0
2019,Arkansas State,0,0,0,0
2019,Nicholls,0,0,0,0
2019,SMU,0,0,0,0
2019,Portland State,0,0,0,0
2019,Central Arkansas,0,0,0,0
2019,Central Connecticut,0,0,0,0
2019,Delaware,1,5,0,1
2019,Coastal Carolina,0,0,0,0
2019,Elon,1,1,0,0
2019,Tennessee State,0,0,0,0
2019,App State,0,0,0,0
2019,Eastern Kentucky,0,0,0,0
2019,McNeese,0,0,0,0
2019,Northern Iowa,0,0,0,0
2019,Utah State,1,1,0,0
2019,Richmond,0,0,0,0
2019,San Diego,0,0,0,0
2019,Middle Tennessee,0,0,0,0
2019,Buffalo,0,0,0,0
2019,Jackson State,0,0,0,0
2019,Villanova,0,0,0,0
2019,Gardner-Webb,0,0,0,0
2019,Ohio,0,0,0,0
2019,Army,0,0,0,0
2019,Idaho,1,1,0,0
2019,Western Illinois,1,4,0,0
2019,William & Mary,0,0,0,0
2019,Rice,0,0,0,0
2019,Sam Houston,0,0,0,0
2019,Monmouth,0,0,0,0
2019,Norfolk State,0,0,0,0
2019,Stephen F. Austin,0,0,0,0
2019,Liberty,0,0,0,0
2019,Massachusetts,1,5,0,1
2019,Missouri State,0,0,0,0
2019,Eastern Illinois,0,0,0,0
2019,Murray State,1,4,0,0
2019,Fordham,0,0,0,0
2019,Florida Atlantic,2,5,0,0
2019,James Madison,1,1,0,0
2019,South Dakota State,1,1,0,0
2019,South Carolina State,0,0,0,0
2019,Lehigh,0,0,0,0
2019,New Mexico State,0,0,0,0
2019,Chattanooga,0,0,0,0
2019,Yale,0,0,0,0
2019,Montana State,0,0,0,0
2019,Florida A&M,0,0,0,0
2019,Presbyterian,0,0,0,0
2019,South Dakota,0,0,0,0
2019,SE Louisiana,0,0,0,0
2019,Arkansas-Pine Bluff,0,0,0,0
2019,Georgia Southern,0,0,0,0
2019,UT Martin,0,0,0,0
2019,Western Kentucky,0,0,0,0
2019,Jacksonville State,0,0,0,0
2019,Princeton,0,0,0,0
2019,Southern Utah,0,0,0,0
2019,Duke,1,7,1,0
2019,Marist,0,0,0,0
2019,Delaware State,0,0,0,0
2019,Texas Southern,0,0,0,0
2019,Navy,0,0,0,0
2019,UTSA,0,0,0,0
2019,South Alabama,0,0,0,0
2019,Charlotte,1,4,0,0
2019,Youngstown State,0,0,0,0
2019,Grambling,0,0,0,0
2019,Lamar,0,0,0,0
2019,Bucknell,0,0,0,0
2019,Drake,0,0,0,0
2019,Georgia State,0,0,0,0
2019,Pennsylvania,0,0,0,0
2019,Wagner,0,0,0,0
2019,Western Carolina,0,0,0,0
2019,Southeast Missouri State,1,1,0,0
2019,Old Dominion,2,5,0,0
2019,Prairie View A&M,1,1,0,0
2019,Morgan State,1,1,0,0
2019,Air Force,1,1,0,0
2019,Dayton,0,0,0,0
2019,Rhode Island,0,0,0,0
2019,North Texas,0,0,0,0
2020,Utah,7,23,0,1
2020,Auburn,6,25,2,1
2020,Michigan,10,24,1,1
2020,Texas,3,10,0,0
2020,West Virginia,2,4,0,0
2020,South Carolina,4,15,1,0
2020,Miami,4,9,0,0
2020,USC,2,12,1,1
2020,Troy,0,0,0,0
2020,Maryland,2,4,0,0
2020,Oklahoma,4,23,2,1
2020,Georgia,7,26,2,1
2020,Florida State,1,5,0,1
2020,Wisconsin,4,14,0,1
2020,LSU,14,65,5,2
2020,Arkansas,2,5,0,0
2020,Nebraska,2,2,0,0
2020,California,3,8,0,0
2020,Ole Miss,0,0,0,0
2020,UAB,0,0,0,0
2020,Northwestern,0,0,0,0
2020,Virginia,2,4,0,0
2020,Fresno State,2,4,0,0
2020,Houston,1,4,0,0
2020,Eastern Washington,0,0,0,0
2020,Tennessee,2,6,0,1
2020,Iowa,5,18,1,1
2020,Ohio State,10,41,3,1
2020,Howard,0,0,0,0
2020,Bethune-Cookman,0,0,0,0
2020,Washington,2,5,0,0
2020,Louisville,1,7,1,0
2020,Oklahoma State,0,0,0,0
2020,Clemson,7,30,2,1
2020,Texas A&M,2,5,0,0
2020,Illinois,0,0,0,0
2020,Northern Colorado,0,0,0,0
2020,San Diego State,1,2,0,0
2020,Syracuse,2,3,0,0
2020,Stanford,2,4,0,0
2020,Akron,0,0,0,0
2020,Indiana,1,1,0,0
2020,Arizona State,2,8,1,0
2020,Florida,7,25,1,1
2020,Notre Dame,6,20,0,2
2020,Virginia Tech,1,4,0,0
2020,Washington State,1,1,0,0
2020,Louisiana Tech,2,6,0,0
2020,Alabama,9,51,4,3
2020,UConn,1,4,0,0
2020,Iowa State,0,0,0,0
2020,Missouri,2,7,0,0
2020,Cal Poly,0,0,0,0
2020,NC State,2,3,0,0
2020,Kentucky,2,7,0,0
2020,Oregon,4,13,1,0
2020,Toledo,0,0,0,0
2020,Purdue,2,4,0,0
2020,Minnesota,5,11,0,1
2020,Southern Illinois,1,5,0,1
2020,Mississippi State,5,15,0,1
2020,Hampton,0,0,0,0
2020,Central Michigan,0,0,0,0
2020,UCLA,3,10,0,0
2020,North Carolina,2,5,0,0
2020,BYU,0,0,0,0
2020,Texas Tech,2,9,1,0
2020,Kansas State,0,0,0,0
2020,New Mexico,0,0,0,0
2020,Tulane,2,3,0,0
2020,Illinois State,0,0,0,0
2020,Kansas,1,1,0,0
2020,North Carolina A&T,0,0,0,0
2020,Cincinnati,1,4,0,0
2020,Miami (OH),1,1,0,0
2020,UNLV,0,0,0,0
2020,Wake Forest,2,3,0,0
2020,Montana,0,0,0,0
2020,Southern Miss,1,1,0,0
2020,TCU,5,24,2,1
2020,Tennessee Tech,0,0,0,0
2020,North Dakota State,1,1,0,0
2020,Temple,4,8,0,0
2020,UL Monroe,0,0,0,0
2020,Oregon State,3,3,0,0
2020,Hawai'i,1,1,0,0
2020,Louisiana,3,9,0,1
2020,Vanderbilt,1,4,0,0
2020,Ball State,1,2,0,0
2020,Colorado State,0,0,0,0
2020,Baylor,4,10,0,1
2020,Michigan State,2,4,0,0
2020,Marshall,2,3,0,0
2020,Pittsburgh,1,1,0,0
2020,UTEP,0,0,0,0
2020,The Citadel,0,0,0,0
2020,Tulsa,2,5,0,0
2020,Eastern Michigan,0,0,0,0
2020,Northern Arizona,0,0,0,0
2020,Bowling Green,0,0,0,0
2020,Harvard,0,0,0,0
2020,Penn State,5,15,0,2
2020,Memphis,3,6,0,0
2020,Boston College,1,5,0,1
2020,Colorado,3,10,0,1
2020,Boise State,3,9,0,1
2020,Western Michigan,0,0,0,0
2020,Alabama State,0,0,0,0
2020,Weber State,0,0,0,0
2020,Northwestern State,0,0,0,0
2020,Georgia Tech,1,1,0,0
2020,UCF,1,3,0,0
2020,East Carolina,0,0,0,0
2020,Furman,0,0,0,0
2020,North Dakota,0,0,0,0
2020,Nevada,0,0,0,0
2020,Cornell,0,0,0,0
2020,Wyoming,2,5,0,0
2020,Texas State,0,0,0,0
2020,Samford,0,0,0,0
2020,Arizona,0,0,0,0
2020,Maine,0,0,0,0
2020,Rutgers,0,0,0,0
2020,Kent State,0,0,0,0
2020,San José State,0,0,0,0
2020,Northern Illinois,0,0,0,0
2020,South Florida,0,0,0,0
2020,Brown,0,0,0,0
2020,Towson,0,0,0,0
2020,Florida International,2,4,0,0
2020,North Carolina Central,0,0,0,0
2020,Alabama A&M,0,0,0,0
2020,New Hampshire,0,0,0,0
2020,Arkansas State,0,0,0,0
2020,Nicholls,0,0,0,0
2020,SMU,1,1,0,0
2020,Portland State,0,0,0,0
2020,Central Arkansas,0,0,0,0
2020,Central Connecticut,0,0,0,0
2020,Delaware,0,0,0,0
2020,Coastal Carolina,0,0,0,0
2020,Elon,0,0,0,0
2020,Tennessee State,1,1,0,0
2020,App State,2,7,0,0
2020,Eastern Kentucky,0,0,0,0
2020,McNeese,0,0,0,0
2020,Northern Iowa,0,0,0,0
2020,Utah State,1,7,1,0
2020,Richmond,0,0,0,0
2020,San Diego,0,0,0,0
2020,Middle Tennessee,0,0,0,0
2020,Buffalo,0,0,0,0
2020,Jackson State,0,0,0,0
2020,Villanova,0,0,0,0
2020,Gardner-Webb,0,0,0,0
2020,Ohio,0,0,0,0
2020,Army,0,0,0,0
2020,Idaho,0,0,0,0
2020,Western Illinois,0,0,0,0
2020,William & Mary,0,0,0,0
2020,Rice,0,0,0,0
2020,Sam Houston,0,0,0,0
2020,Monmouth,0,0,0,0
2020,Norfolk State,0,0,0,0
2020,Stephen F. Austin,0,0,0,0
2020,Liberty,1,3,0,0
2020,Massachusetts,1,1,0,0
2020,Missouri State,0,0,0,0
2020,Eastern Illinois,0,0,0,0
2020,Murray State,0,0,0,0
2020,Fordham,0,0,0,0
2020,Florida Atlantic,1,3,0,0
2020,James Madison,1,1,0,0
2020,South Dakota State,0,0,0,0
2020,South Carolina State,0,0,0,0
2020,Lehigh,0,0,0,0
2020,New Mexico State,1,2,0,0
2020,Chattanooga,0,0,0,0
2020,Yale,0,0,0,0
2020,Montana State,0,0,0,0
2020,Florida A&M,0,0,0,0
2020,Presbyterian,0,0,0,0
2020,South Dakota,0,0,0,0
2020,SE Louisiana,0,0,0,0
2020,Arkansas-Pine Bluff,0,0,0,0
2020,Georgia Southern,2,3,0,0
2020,UT Martin,0,0,0,0
2020,Western Kentucky,0,0,0,0
2020,Jacksonville State,0,0,0,0
2020,Princeton,0,0,0,0
2020,Southern Utah,0,0,0,0
2020,Duke,0,0,0,0
2020,Marist,0,0,0,0
2020,Delaware State,0,0,0,0
2020,Texas Southern,0,0,0,0
2020,Navy,1,1,0,0
2020,UTSA,0,0,0,0
2020,South Alabama,0,0,0,0
2020,Charlotte,2,7,0,0
2020,Youngstown State,0,0,0,0
2020,Grambling,0,0,0,0
2020,Lamar,0,0,0,0
2020,Bucknell,0,0,0,0
2020,Drake,0,0,0,0
2020,Georgia State,0,0,0,0
2020,Pennsylvania,0,0,0,0
2020,Wagner,0,0,0,0
2020,Western Carolina,0,0,0,0
2020,Southeast Missouri State,0,0,0,0
2020,Old Dominion,0,0,0,0
2020,Prairie View A&M,0,0,0,0
2020,Morgan State,0,0,0,0
2020,Air Force,0,0,0,0
2020,Dayton,1,4,0,0
2020,Rhode Island,1,2,0,0
2020,North Texas,0,0,0,0
2021,Utah,0,0,0,0
2021,Auburn,4,9,0,0
2021,Michigan,8,25,1,0
2021,Texas,5,14,0,1
2021,West Virginia,1,2,0,0
2021,South Carolina,4,13,1,0
2021,Miami,4,17,2,0
2021,USC,5,16,1,0
2021,Troy,0,0,0,0
2021,Maryland,1,1,0,0
2021,Oklahoma,5,16,0,1
2021,Georgia,9,33,1,2
2021,Florida State,4,12,0,1
2021,Wisconsin,3,4,0,0
2021,LSU,7,21,1,1
2021,Arkansas,1,1,0,0
2021,Nebraska,2,3,0,0
2021,California,1,3,0,0
2021,Ole Miss,2,8,0,1
2021,UAB,1,3,0,0
2021,Northwestern,3,16,2,0
2021,Virginia,0,0,0,0
2021,Fresno State,0,0,0,0
2021,Houston,3,9,1,0
2021,Eastern Washington,0,0,0,0
2021,Tennessee,2,5,0,0
2021,Iowa,4,9,0,0
2021,Ohio State,10,37,1,2
2021,Howard,0,0,0,0
2021,Bethune-Cookman,0,0,0,0
2021,Washington,4,18,1,1
2021,Louisville,2,8,0,1
2021,Oklahoma State,4,12,0,1
2021,Clemson,5,25,2,1
2021,Texas A&M,4,13,0,0
2021,Illinois,2,6,0,0
2021,Northern Colorado,0,0,0,0
2021,San Diego State,1,3,0,0
2021,Syracuse,2,8,0,0
2021,Stanford,5,18,0,1
2021,Akron,0,0,0,0
2021,Indiana,1,2,0,0
2021,Arizona State,1,1,0,0
2021,Florida,8,29,2,1
2021,Notre Dame,9,31,0,3
2021,Virginia Tech,4,19,2,0
2021,Washington State,0,0,0,0
2021,Louisiana Tech,1,4,0,0
2021,Alabama,10,54,6,2
2021,UConn,0,0,0,0
2021,Iowa State,1,3,0,0
2021,Missouri,5,12,0,1
2021,Cal Poly,0,0,0,0
2021,NC State,1,4,0,0
2021,Kentucky,6,16,1,1
2021,Oregon,5,16,1,1
2021,Toledo,0,0,0,0
2021,Purdue,2,8,0,1
2021,Minnesota,2,11,1,0
2021,Southern Illinois,0,0,0,0
2021,Mississippi State,2,2,0,0
2021,Hampton,0,0,0,0
2021,Central Michigan,0,0,0,0
2021,UCLA,2,5,0,0
2021,North Carolina,5,17,0,1
2021,BYU,5,14,1,0
2021,Texas Tech,2,4,0,0
2021,Kansas State,1,1,0,0
2021,New Mexico,0,0,0,0
2021,Tulane,2,4,0,0
2021,Illinois State,0,0,0,0
2021,Kansas,0,0,0,0
2021,North Carolina A&T,0,0,0,0
2021,Cincinnati,4,7,0,0
2021,Miami (OH),1,2,0,0
2021,UNLV,0,0,0,0
2021,Wake Forest,1,5,0,1
2021,Montana,0,0,0,0
2021,Southern Miss,0,0,0,0
2021,TCU,2,7,0,1
2021,Tennessee Tech,0,0,0,0
2021,North Dakota State,2,12,1,1
2021,Temple,0,0,0,0
2021,UL Monroe,0,0,0,0
2021,Oregon State,2,5,0,0
2021,Hawai'i,0,0,0,0
2021,Louisiana,1,1,0,0
2021,Vanderbilt,1,5,0,1
2021,Ball State,0,0,0,0
2021,Colorado State,0,0,0,0
2021,Baylor,1,1,0,0
2021,Michigan State,0,0,0,0
2021,Marshall,1,3,0,0
2021,Pittsburgh,6,12,0,0
2021,UTEP,0,0,0,0
2021,The Citadel,0,0,0,0
2021,Tulsa,1,7,1,0
2021,Eastern Michigan,0,0,0,0
2021,Northern Arizona,0,0,0,0
2021,Bowling Green,0,0,0,0
2021,Harvard,0,0,0,0
2021,Penn State,6,22,2,1
2021,Memphis,1,2,0,0
2021,Boston College,2,5,0,0
2021,Colorado,1,1,0,0
2021,Boise State,2,5,0,0
2021,Western Michigan,2,7,0,1
2021,Alabama State,0,0,0,0
2021,Weber State,0,0,0,0
2021,Northwestern State,0,0,0,0
2021,Georgia Tech,2,2,0,0
2021,UCF,5,14,0,1
2021,East Carolina,1,3,0,0
2021,Furman,0,0,0,0
2021,North Dakota,0,0,0,0
2021,Nevada,0,0,0,0
2021,Cornell,0,0,0,0
2021,Wyoming,0,0,0,0
2021,Texas State,0,0,0,0
2021,Samford,0,0,0,0
2021,Arizona,2,2,0,0
2021,Maine,0,0,0,0
2021,Rutgers,0,0,0,0
2021,Kent State,0,0,0,0
2021,San José State,0,0,0,0
2021,Northern Illinois,0,0,0,0
2021,South Florida,0,0,0,0
2021,Brown,0,0,0,0
2021,Towson,0,0,0,0
2021,Florida International,0,0,0,0
2021,North Carolina Central,0,0,0,0
2021,Alabama A&M,0,0,0,0
2021,New Hampshire,0,0,0,0
2021,Arkansas State,0,0,0,0
2021,Nicholls,0,0,0,0
2021,SMU,2,7,0,0
2021,Portland State,0,0,0,0
2021,Central Arkansas,1,3,0,0
2021,Central Connecticut,0,0,0,0
2021,Delaware,0,0,0,0
2021,Coastal Carolina,1,1,0,0
2021,Elon,0,0,0,0
2021,Tennessee State,0,0,0,0
2021,App State,1,2,0,0
2021,Eastern Kentucky,0,0,0,0
2021,McNeese,0,0,0,0
2021,Northern Iowa,2,7,0,0
2021,Utah State,0,0,0,0
2021,Richmond,0,0,0,0
2021,San Diego,0,0,0,0
2021,Middle Tennessee,0,0,0,0
2021,Buffalo,1,4,0,0
2021,Jackson State,0,0,0,0
2021,Villanova,0,0,0,0
2021,Gardner-Webb,0,0,0,0
2021,Ohio,0,0,0,0
2021,Army,0,0,0,0
2021,Idaho,0,0,0,0
2021,Western Illinois,0,0,0,0
2021,William & Mary,0,0,0,0
2021,Rice,0,0,0,0
2021,Sam Houston,0,0,0,0
2021,Monmouth,0,0,0,0
2021,Norfolk State,0,0,0,0
2021,Stephen F. Austin,0,0,0,0
2021,Liberty,0,0,0,0
2021,Massachusetts,1,1,0,0
2021,Missouri State,0,0,0,0
2021,Eastern Illinois,0,0,0,0
2021,Murray State,0,0,0,0
2021,Fordham,0,0,0,0
2021,Florida Atlantic,0,0,0,0
2021,James Madison,0,0,0,0
2021,South Dakota State,0,0,0,0
2021,South Carolina State,0,0,0,0
2021,Lehigh,0,0,0,0
2021,New Mexico State,0,0,0,0
2021,Chattanooga,0,0,0,0
2021,Yale,0,0,0,0
2021,Montana State,0,0,0,0
2021,Florida A&M,0,0,0,0
2021,Presbyterian,0,0,0,0
2021,South Dakota,0,0,0,0
2021,SE Louisiana,0,0,0,0
2021,Arkansas-Pine Bluff,0,0,0,0
2021,Georgia Southern,0,0,0,0
2021,UT Martin,0,0,0,0
2021,Western Kentucky,0,0,0,0
2021,Jacksonville State,0,0,0,0
2021,Princeton,0,0,0,0
2021,Southern Utah,0,0,0,0
2021,Duke,4,8,0,0
2021,Marist,0,0,0,0
2021,Delaware State,0,0,0,0
2021,Texas Southern,0,0,0,0
2021,Navy,0,0,0,0
2021,UTSA,0,0,0,0
2021,South Alabama,1,1,0,0
2021,Charlotte,0,0,0,0
2021,Youngstown State,0,0,0,0
2021,Grambling,0,0,0,0
2021,Lamar,0,0,0,0
2021,Bucknell,0,0,0,0
2021,Drake,0,0,0,0
2021,Georgia State,0,0,0,0
2021,Pennsylvania,0,0,0,0
2021,Wagner,0,0,0,0
2021,Western Carolina,0,0,0,0
2021,Southeast Missouri State,0,0,0,0
2021,Old Dominion,0,0,0,0
2021,Prairie View A&M,0,0,0,0
2021,Morgan State,0,0,0,0
2021,Air Force,0,0,0,0
2021,Dayton,0,0,0,0
2021,Rhode Island,0,0,0,0
2021,North Texas,1,3,0,0
