year,team,conference,wins,losses,games
2005,Auburn,SEC,9,3,12
2005,UAB,Conference USA,5,6,11
2005,Arkansas,SEC,4,7,11
2005,Arizona State,Pac-10,7,5,12
2005,Arizona,Pac-10,3,8,11
2005,San Diego State,Mountain West,5,7,12
2005,San José State,Western Athletic,3,8,11
2005,Stanford,Pac-10,5,6,11
2005,California,Pac-10,8,4,12
2005,UCLA,Pac-10,10,2,12
2005,USC,Pac-10,12,1,13
2005,Colorado State,Mountain West,6,6,12
2005,Colorado,Big 12,7,6,13
2005,UConn,Big East,5,6,11
2005,Florida State,ACC,8,5,13
2005,Florida,SEC,9,3,12
2005,South Florida,Big East,6,6,12
2005,Georgia Tech,ACC,7,5,12
2005,Georgia,SEC,10,3,13
2005,Hawai'i,Western Athletic,5,7,12
2005,Iowa State,Big 12,7,5,12
2005,Boise State,Western Athletic,9,4,13
2005,Idaho,Western Athletic,2,9,11
2005,Northwestern,Big Ten,7,5,12
2005,Indiana,Big Ten,4,7,11
2005,Notre Dame,FBS Independents,9,3,12
2005,Kentucky,SEC,3,8,11
2005,Louisville,Big East,9,3,12
2005,LSU,SEC,11,2,13
2005,Boston College,ACC,9,3,12
2005,Maryland,ACC,5,6,11
2005,Michigan State,Big Ten,5,6,11
2005,Michigan,Big Ten,7,5,12
2005,Minnesota,Big Ten,7,5,12
2005,Missouri,Big 12,7,5,12
2005,Ole Miss,SEC,3,8,11
2005,Duke,ACC,1,10,11
2005,East Carolina,Conference USA,5,6,11
2005,NC State,ACC,7,5,12
2005,North Carolina,ACC,5,6,11
2005,Wake Forest,ACC,4,7,11
2005,Nebraska,Big 12,8,4,12
2005,Rutgers,Big East,7,5,12
2005,New Mexico State,Western Athletic,0,12,12
2005,New Mexico,Mountain West,6,5,11
2005,Syracuse,Big East,1,10,11
2005,Bowling Green,Mid-American,6,5,11
2005,Miami (OH),Mid-American,7,4,11
2005,Ohio State,Big Ten,10,2,12
2005,Ohio,Mid-American,4,7,11
2005,Oklahoma State,Big 12,4,7,11
2005,Oklahoma,Big 12,8,4,12
2005,Tulsa,Conference USA,9,4,13
2005,Oregon State,Pac-10,5,6,11
2005,Penn State,Big Ten,11,1,12
2005,Temple,FBS Independents,0,11,11
2005,Pittsburgh,Big East,5,6,11
2005,Clemson,ACC,8,4,12
2005,Memphis,Conference USA,7,5,12
2005,Vanderbilt,SEC,5,6,11
2005,Baylor,Big 12,5,6,11
2005,Rice,Conference USA,1,10,11
2005,Texas A&M,Big 12,5,6,11
2005,Houston,Conference USA,6,6,12
2005,North Texas,Sun Belt,2,9,11
2005,Texas,Big 12,13,0,13
2005,BYU,Mountain West,6,6,12
2005,Utah,Mountain West,7,5,12
2005,Virginia,ACC,7,5,12
2005,Virginia Tech,ACC,11,2,13
2005,Washington,Pac-10,2,9,11
2005,Washington State,Pac-10,4,7,11
2005,Wisconsin,Big Ten,10,3,13
2005,Marshall,Conference USA,4,7,11
2005,West Virginia,Big East,11,1,12
2005,Fresno State,Western Athletic,8,5,13
2005,Louisiana,Sun Belt,6,5,11
2005,Utah State,Western Athletic,3,8,11
2005,Alabama,SEC,10,2,12
2005,Mississippi State,SEC,3,8,11
2005,Army,FBS Independents,4,7,11
2005,Illinois,Big Ten,2,9,11
2005,Air Force,Mountain West,4,7,11
2005,Akron,Mid-American,7,6,13
2005,Arkansas State,Sun Belt,6,6,12
2005,Ball State,Mid-American,4,7,11
2005,Buffalo,Mid-American,1,10,11
2005,UCF,Conference USA,8,5,13
2005,Central Michigan,Mid-American,6,5,11
2005,Cincinnati,Big East,4,7,11
2005,Eastern Michigan,Mid-American,4,7,11
2005,Florida Atlantic,Sun Belt,2,9,11
2005,Florida International,Sun Belt,5,6,11
2005,Iowa,Big Ten,7,5,12
2005,Kansas,Big 12,7,5,12
2005,Kansas State,Big 12,5,6,11
2005,Kent State,Mid-American,1,10,11
2005,Louisiana Tech,Western Athletic,7,4,11
2005,Miami,ACC,9,3,12
2005,Middle Tennessee,Sun Belt,4,7,11
2005,Navy,FBS Independents,8,4,12
2005,UL Monroe,Sun Belt,5,6,11
2005,UNLV,Mountain West,2,9,11
2005,Nevada,Western Athletic,9,3,12
2005,Northern Illinois,Mid-American,7,5,12
2005,Oregon,Pac-10,10,2,12
2005,Purdue,Big Ten,5,6,11
2005,SMU,Conference USA,5,6,11
2005,Southern Miss,Conference USA,7,5,12
2005,South Carolina,SEC,7,5,12
2005,TCU,Mountain West,11,1,12
2005,Tennessee,SEC,5,6,11
2005,UTEP,Conference USA,8,4,12
2005,Texas Tech,Big 12,9,3,12
2005,Toledo,Mid-American,9,3,12
2005,Troy,Sun Belt,4,7,11
2005,Tulane,Conference USA,2,9,11
2005,Western Michigan,Mid-American,7,4,11
2005,Wyoming,Mountain West,4,7,11
2006,Auburn,SEC,11,2,13
2006,UAB,Conference USA,3,9,12
2006,Arkansas,SEC,10,4,14
2006,Arizona State,Pac-10,7,6,13
2006,Arizona,Pac-10,6,6,12
2006,San Diego State,Mountain West,3,9,12
2006,San José State,Western Athletic,9,4,13
2006,Stanford,Pac-10,1,11,12
2006,California,Pac-10,10,3,13
2006,UCLA,Pac-10,7,6,13
2006,USC,Pac-10,11,2,13
2006,Colorado State,Mountain West,4,8,12
2006,Colorado,Big 12,2,10,12
2006,UConn,Big East,4,8,12
2006,Florida State,ACC,7,6,13
2006,Florida,SEC,13,1,14
2006,South Florida,Big East,9,4,13
2006,Georgia Tech,ACC,9,5,14
2006,Georgia,SEC,9,4,13
2006,Hawai'i,Western Athletic,11,3,14
2006,Iowa State,Big 12,4,8,12
2006,Boise State,Western Athletic,13,0,13
2006,Idaho,Western Athletic,4,8,12
2006,Northwestern,Big Ten,4,8,12
2006,Indiana,Big Ten,5,7,12
2006,Notre Dame,FBS Independents,10,3,13
2006,Kentucky,SEC,8,5,13
2006,Louisville,Big East,12,1,13
2006,LSU,SEC,11,2,13
2006,Boston College,ACC,10,3,13
2006,Maryland,ACC,9,4,13
2006,Michigan State,Big Ten,4,8,12
2006,Michigan,Big Ten,11,2,13
2006,Minnesota,Big Ten,6,7,13
2006,Missouri,Big 12,8,5,13
2006,Ole Miss,SEC,4,8,12
2006,Duke,ACC,0,12,12
2006,East Carolina,Conference USA,7,6,13
2006,NC State,ACC,3,9,12
2006,North Carolina,ACC,3,9,12
2006,Wake Forest,ACC,11,3,14
2006,Nebraska,Big 12,9,5,14
2006,Rutgers,Big East,11,2,13
2006,New Mexico State,Western Athletic,4,8,12
2006,New Mexico,Mountain West,6,7,13
2006,Syracuse,Big East,4,8,12
2006,Bowling Green,Mid-American,4,8,12
2006,Miami (OH),Mid-American,2,10,12
2006,Ohio State,Big Ten,12,1,13
2006,Ohio,Mid-American,9,5,14
2006,Oklahoma State,Big 12,7,6,13
2006,Oklahoma,Big 12,11,3,14
2006,Tulsa,Conference USA,8,5,13
2006,Oregon State,Pac-10,10,4,14
2006,Penn State,Big Ten,9,4,13
2006,Temple,FBS Independents,1,11,12
2006,Pittsburgh,Big East,6,6,12
2006,Clemson,ACC,8,5,13
2006,Memphis,Conference USA,2,10,12
2006,Vanderbilt,SEC,4,8,12
2006,Baylor,Big 12,4,8,12
2006,Rice,Conference USA,7,6,13
2006,Texas A&M,Big 12,9,4,13
2006,Houston,Conference USA,10,4,14
2006,North Texas,Sun Belt,3,9,12
2006,Texas,Big 12,10,3,13
2006,BYU,Mountain West,11,2,13
2006,Utah,Mountain West,8,5,13
2006,Virginia,ACC,5,7,12
2006,Virginia Tech,ACC,10,3,13
2006,Washington,Pac-10,5,7,12
2006,Washington State,Pac-10,6,6,12
2006,Wisconsin,Big Ten,12,1,13
2006,Marshall,Conference USA,5,7,12
2006,West Virginia,Big East,11,2,13
2006,Fresno State,Western Athletic,4,8,12
2006,Louisiana,Sun Belt,6,6,12
2006,Utah State,Western Athletic,1,11,12
2006,Alabama,SEC,6,7,13
2006,Mississippi State,SEC,3,9,12
2006,Army,FBS Independents,3,9,12
2006,Illinois,Big Ten,2,10,12
2006,Air Force,Mountain West,4,8,12
2006,Akron,Mid-American,5,7,12
2006,Arkansas State,Sun Belt,6,6,12
2006,Ball State,Mid-American,5,7,12
2006,Buffalo,Mid-American,2,10,12
2006,UCF,Conference USA,4,8,12
2006,Central Michigan,Mid-American,10,4,14
2006,Cincinnati,Big East,8,5,13
2006,Eastern Michigan,Mid-American,1,11,12
2006,Florida Atlantic,Sun Belt,5,7,12
2006,Florida International,Sun Belt,0,12,12
2006,Iowa,Big Ten,6,7,13
2006,Kansas,Big 12,6,6,12
2006,Kansas State,Big 12,7,6,13
2006,Kent State,Mid-American,6,6,12
2006,Louisiana Tech,Western Athletic,3,10,13
2006,Miami,ACC,7,6,13
2006,Middle Tennessee,Sun Belt,7,6,13
2006,Navy,FBS Independents,9,4,13
2006,UL Monroe,Sun Belt,4,8,12
2006,UNLV,Mountain West,2,10,12
2006,Nevada,Western Athletic,8,5,13
2006,Northern Illinois,Mid-American,7,6,13
2006,Oregon,Pac-10,7,6,13
2006,Purdue,Big Ten,8,6,14
2006,SMU,Conference USA,6,6,12
2006,Southern Miss,Conference USA,9,5,14
2006,South Carolina,SEC,8,5,13
2006,TCU,Mountain West,11,2,13
2006,Tennessee,SEC,9,4,13
2006,UTEP,Conference USA,5,7,12
2006,Texas Tech,Big 12,8,5,13
2006,Toledo,Mid-American,5,7,12
2006,Troy,Sun Belt,8,5,13
2006,Tulane,Conference USA,4,8,12
2006,Western Michigan,Mid-American,8,5,13
2006,Wyoming,Mountain West,6,6,12
2007,Auburn,SEC,9,4,13
2007,UAB,Conference USA,2,10,12
2007,Arkansas,SEC,8,5,13
2007,Arizona State,Pac-10,10,3,13
2007,Arizona,Pac-10,5,7,12
2007,San Diego State,Mountain West,4,8,12
2007,San José State,Western Athletic,5,7,12
2007,Stanford,Pac-10,4,8,12
2007,California,Pac-10,7,6,13
2007,UCLA,Pac-10,6,7,13
2007,USC,Pac-10,11,2,13
2007,Colorado State,Mountain West,3,9,12
2007,Colorado,Big 12,6,7,13
2007,UConn,Big East,9,4,13
2007,Florida State,ACC,7,6,13
2007,Florida,SEC,9,4,13
2007,South Florida,Big East,9,4,13
2007,Georgia Tech,ACC,7,6,13
2007,Georgia,SEC,11,2,13
2007,Hawai'i,Western Athletic,12,1,13
2007,Iowa State,Big 12,3,9,12
2007,Boise State,Western Athletic,10,3,13
2007,Idaho,Western Athletic,1,11,12
2007,Northwestern,Big Ten,6,6,12
2007,Indiana,Big Ten,7,6,13
2007,Notre Dame,FBS Independents,3,9,12
2007,Kentucky,SEC,8,5,13
2007,Louisville,Big East,6,6,12
2007,Western Kentucky,FBS Independents,7,5,12
2007,LSU,SEC,12,2,14
2007,Boston College,ACC,11,3,14
2007,Maryland,ACC,6,7,13
2007,Michigan State,Big Ten,7,6,13
2007,Michigan,Big Ten,9,4,13
2007,Minnesota,Big Ten,1,11,12
2007,Missouri,Big 12,12,2,14
2007,Ole Miss,SEC,3,9,12
2007,Duke,ACC,1,11,12
2007,East Carolina,Conference USA,8,5,13
2007,NC State,ACC,5,7,12
2007,North Carolina,ACC,4,8,12
2007,Wake Forest,ACC,9,4,13
2007,Nebraska,Big 12,5,7,12
2007,Rutgers,Big East,8,5,13
2007,New Mexico State,Western Athletic,4,9,13
2007,New Mexico,Mountain West,9,4,13
2007,Syracuse,Big East,2,10,12
2007,Bowling Green,Mid-American,8,5,13
2007,Miami (OH),Mid-American,6,7,13
2007,Ohio State,Big Ten,11,2,13
2007,Ohio,Mid-American,6,6,12
2007,Oklahoma State,Big 12,7,6,13
2007,Oklahoma,Big 12,11,3,14
2007,Tulsa,Conference USA,10,4,14
2007,Oregon State,Pac-10,9,4,13
2007,Penn State,Big Ten,9,4,13
2007,Temple,Mid-American,4,8,12
2007,Pittsburgh,Big East,5,7,12
2007,Clemson,ACC,9,4,13
2007,Memphis,Conference USA,7,6,13
2007,Vanderbilt,SEC,5,7,12
2007,Baylor,Big 12,3,9,12
2007,Rice,Conference USA,3,9,12
2007,Texas A&M,Big 12,7,6,13
2007,Houston,Conference USA,8,5,13
2007,North Texas,Sun Belt,2,10,12
2007,Texas,Big 12,10,3,13
2007,BYU,Mountain West,11,2,13
2007,Utah,Mountain West,9,4,13
2007,Virginia,ACC,9,4,13
2007,Virginia Tech,ACC,11,3,14
2007,Washington,Pac-10,4,9,13
2007,Washington State,Pac-10,5,7,12
2007,Wisconsin,Big Ten,9,4,13
2007,Marshall,Conference USA,3,9,12
2007,West Virginia,Big East,11,2,13
2007,Fresno State,Western Athletic,9,4,13
2007,Louisiana,Sun Belt,3,9,12
2007,Utah State,Western Athletic,2,10,12
2007,Alabama,SEC,7,6,13
2007,Mississippi State,SEC,8,5,13
2007,Army,FBS Independents,3,9,12
2007,Illinois,Big Ten,9,4,13
2007,Air Force,Mountain West,9,4,13
2007,Akron,Mid-American,4,8,12
2007,Arkansas State,Sun Belt,5,7,12
2007,Ball State,Mid-American,7,6,13
2007,Buffalo,Mid-American,5,7,12
2007,UCF,Conference USA,10,4,14
2007,Central Michigan,Mid-American,8,6,14
2007,Cincinnati,Big East,10,3,13
2007,Eastern Michigan,Mid-American,4,8,12
2007,Florida Atlantic,Sun Belt,8,5,13
2007,Florida International,Sun Belt,1,11,12
2007,Iowa,Big Ten,6,6,12
2007,Kansas,Big 12,12,1,13
2007,Kansas State,Big 12,5,7,12
2007,Kent State,Mid-American,3,9,12
2007,Louisiana Tech,Western Athletic,5,7,12
2007,Miami,ACC,5,7,12
2007,Middle Tennessee,Sun Belt,5,7,12
2007,Navy,FBS Independents,8,5,13
2007,UL Monroe,Sun Belt,6,6,12
2007,UNLV,Mountain West,2,10,12
2007,Nevada,Western Athletic,6,7,13
2007,Northern Illinois,Mid-American,2,10,12
2007,Oregon,Pac-10,9,4,13
2007,Purdue,Big Ten,8,5,13
2007,SMU,Conference USA,1,11,12
2007,Southern Miss,Conference USA,7,6,13
2007,South Carolina,SEC,6,6,12
2007,TCU,Mountain West,8,5,13
2007,Tennessee,SEC,10,4,14
2007,UTEP,Conference USA,4,8,12
2007,Texas Tech,Big 12,9,4,13
2007,Toledo,Mid-American,5,7,12
2007,Troy,Sun Belt,8,4,12
2007,Tulane,Conference USA,4,8,12
2007,Western Michigan,Mid-American,5,7,12
2007,Wyoming,Mountain West,5,7,12
2008,Auburn,SEC,5,7,12
2008,UAB,Conference USA,4,8,12
2008,Arkansas,SEC,5,7,12
2008,Arizona State,Pac-10,5,7,12
2008,Arizona,Pac-10,8,5,13
2008,San Diego State,Mountain West,2,10,12
2008,San José State,Western Athletic,6,6,12
2008,Stanford,Pac-10,5,7,12
2008,California,Pac-10,9,4,13
2008,UCLA,Pac-10,4,8,12
2008,USC,Pac-10,12,1,13
2008,Colorado State,Mountain West,7,6,13
2008,Colorado,Big 12,5,7,12
2008,UConn,Big East,8,5,13
2008,Florida State,ACC,9,4,13
2008,Florida,SEC,13,1,14
2008,South Florida,Big East,8,5,13
2008,Georgia Tech,ACC,9,4,13
2008,Georgia,SEC,10,3,13
2008,Hawai'i,Western Athletic,7,7,14
2008,Iowa State,Big 12,2,10,12
2008,Boise State,Western Athletic,12,1,13
2008,Idaho,Western Athletic,2,10,12
2008,Northwestern,Big Ten,9,4,13
2008,Indiana,Big Ten,3,9,12
2008,Notre Dame,FBS Independents,7,6,13
2008,Kentucky,SEC,7,6,13
2008,Louisville,Big East,5,7,12
2008,Western Kentucky,FBS Independents,2,10,12
2008,LSU,SEC,9,5,14
2008,Boston College,ACC,9,5,14
2008,Maryland,ACC,8,5,13
2008,Michigan State,Big Ten,9,4,13
2008,Michigan,Big Ten,3,9,12
2008,Minnesota,Big Ten,7,6,13
2008,Missouri,Big 12,10,4,14
2008,Ole Miss,SEC,9,4,13
2008,Duke,ACC,4,8,12
2008,East Carolina,Conference USA,9,5,14
2008,NC State,ACC,6,7,13
2008,North Carolina,ACC,8,5,13
2008,Wake Forest,ACC,8,5,13
2008,Nebraska,Big 12,9,4,13
2008,Rutgers,Big East,8,5,13
2008,New Mexico State,Western Athletic,3,9,12
2008,New Mexico,Mountain West,4,8,12
2008,Syracuse,Big East,3,9,12
2008,Bowling Green,Mid-American,6,6,12
2008,Miami (OH),Mid-American,2,10,12
2008,Ohio State,Big Ten,10,3,13
2008,Ohio,Mid-American,4,8,12
2008,Oklahoma State,Big 12,9,4,13
2008,Oklahoma,Big 12,12,2,14
2008,Tulsa,Conference USA,11,3,14
2008,Oregon State,Pac-10,9,4,13
2008,Penn State,Big Ten,11,2,13
2008,Temple,Mid-American,5,7,12
2008,Pittsburgh,Big East,9,4,13
2008,Clemson,ACC,7,6,13
2008,Memphis,Conference USA,6,7,13
2008,Vanderbilt,SEC,7,6,13
2008,Baylor,Big 12,4,8,12
2008,Rice,Conference USA,10,3,13
2008,Texas A&M,Big 12,4,8,12
2008,Houston,Conference USA,8,5,13
2008,North Texas,Sun Belt,1,11,12
2008,Texas,Big 12,12,1,13
2008,BYU,Mountain West,10,3,13
2008,Utah,Mountain West,13,0,13
2008,Virginia,ACC,5,7,12
2008,Virginia Tech,ACC,10,4,14
2008,Washington,Pac-10,0,12,12
2008,Washington State,Pac-10,2,11,13
2008,Wisconsin,Big Ten,7,6,13
2008,Marshall,Conference USA,4,8,12
2008,West Virginia,Big East,9,4,13
2008,Fresno State,Western Athletic,7,6,13
2008,Louisiana,Sun Belt,6,6,12
2008,Utah State,Western Athletic,3,9,12
2008,Alabama,SEC,12,2,14
2008,Mississippi State,SEC,4,8,12
2008,Army,FBS Independents,3,9,12
2008,Illinois,Big Ten,5,7,12
2008,Air Force,Mountain West,8,5,13
2008,Akron,Mid-American,5,7,12
2008,Arkansas State,Sun Belt,6,6,12
2008,Ball State,Mid-American,12,2,14
2008,Buffalo,Mid-American,8,6,14
2008,UCF,Conference USA,4,8,12
2008,Central Michigan,Mid-American,8,5,13
2008,Cincinnati,Big East,11,3,14
2008,Eastern Michigan,Mid-American,3,9,12
2008,Florida Atlantic,Sun Belt,7,6,13
2008,Florida International,Sun Belt,5,7,12
2008,Iowa,Big Ten,9,4,13
2008,Kansas,Big 12,8,5,13
2008,Kansas State,Big 12,5,7,12
2008,Kent State,Mid-American,4,8,12
2008,Louisiana Tech,Western Athletic,8,5,13
2008,Miami,ACC,7,6,13
2008,Middle Tennessee,Sun Belt,5,7,12
2008,Navy,FBS Independents,8,5,13
2008,UL Monroe,Sun Belt,4,8,12
2008,UNLV,Mountain West,5,7,12
2008,Nevada,Western Athletic,7,6,13
2008,Northern Illinois,Mid-American,6,7,13
2008,Oregon,Pac-10,10,3,13
2008,Purdue,Big Ten,4,8,12
2008,SMU,Conference USA,1,11,12
2008,Southern Miss,Conference USA,7,6,13
2008,South Carolina,SEC,7,6,13
2008,TCU,Mountain West,11,2,13
2008,Tennessee,SEC,5,7,12
2008,UTEP,Conference USA,5,7,12
2008,Texas Tech,Big 12,11,2,13
2008,Toledo,Mid-American,3,9,12
2008,Troy,Sun Belt,8,5,13
2008,Tulane,Conference USA,2,10,12
2008,Western Michigan,Mid-American,9,4,13
2008,Wyoming,Mountain West,4,8,12
2009,Auburn,SEC,8,5,13
2009,UAB,Conference USA,5,7,12
2009,Arkansas,SEC,8,5,13
2009,Arizona State,Pac-10,4,8,12
2009,Arizona,Pac-10,8,5,13
2009,San Diego State,Mountain West,4,8,12
2009,San José State,Western Athletic,2,10,12
2009,Stanford,Pac-10,8,5,13
2009,California,Pac-10,8,5,13
2009,UCLA,Pac-10,7,6,13
2009,USC,Pac-10,9,4,13
2009,Colorado State,Mountain West,3,9,12
2009,Colorado,Big 12,3,9,12
2009,UConn,Big East,8,5,13
2009,Florida State,ACC,7,6,13
2009,Florida,SEC,13,1,14
2009,South Florida,Big East,8,5,13
2009,Georgia Tech,ACC,11,3,14
2009,Georgia,SEC,8,5,13
2009,Hawai'i,Western Athletic,6,7,13
2009,Iowa State,Big 12,7,6,13
2009,Boise State,Western Athletic,14,0,14
2009,Idaho,Western Athletic,8,5,13
2009,Northwestern,Big Ten,8,5,13
2009,Indiana,Big Ten,4,8,12
2009,Notre Dame,FBS Independents,6,6,12
2009,Kentucky,SEC,7,6,13
2009,Louisville,Big East,4,8,12
2009,Western Kentucky,Sun Belt,0,12,12
2009,LSU,SEC,9,4,13
2009,Boston College,ACC,8,5,13
2009,Maryland,ACC,2,10,12
2009,Michigan State,Big Ten,6,7,13
2009,Michigan,Big Ten,5,7,12
2009,Minnesota,Big Ten,6,7,13
2009,Missouri,Big 12,8,5,13
2009,Ole Miss,SEC,9,4,13
2009,Duke,ACC,5,7,12
2009,East Carolina,Conference USA,9,5,14
2009,NC State,ACC,5,7,12
2009,North Carolina,ACC,8,5,13
2009,Wake Forest,ACC,5,7,12
2009,Nebraska,Big 12,10,4,14
2009,Rutgers,Big East,9,4,13
2009,New Mexico State,Western Athletic,3,10,13
2009,New Mexico,Mountain West,1,11,12
2009,Syracuse,Big East,4,8,12
2009,Bowling Green,Mid-American,7,6,13
2009,Miami (OH),Mid-American,1,11,12
2009,Ohio State,Big Ten,11,2,13
2009,Ohio,Mid-American,9,5,14
2009,Oklahoma State,Big 12,9,4,13
2009,Oklahoma,Big 12,8,5,13
2009,Tulsa,Conference USA,5,7,12
2009,Oregon State,Pac-10,8,5,13
2009,Penn State,Big Ten,11,2,13
2009,Temple,Mid-American,9,4,13
2009,Pittsburgh,Big East,10,3,13
2009,Clemson,ACC,9,5,14
2009,Memphis,Conference USA,2,10,12
2009,Vanderbilt,SEC,2,10,12
2009,Baylor,Big 12,4,8,12
2009,Rice,Conference USA,2,10,12
2009,Texas A&M,Big 12,6,7,13
2009,Houston,Conference USA,10,4,14
2009,North Texas,Sun Belt,2,10,12
2009,Texas,Big 12,13,1,14
2009,BYU,Mountain West,11,2,13
2009,Utah,Mountain West,10,3,13
2009,Virginia,ACC,3,9,12
2009,Virginia Tech,ACC,10,3,13
2009,Washington,Pac-10,5,7,12
2009,Washington State,Pac-10,1,11,12
2009,Wisconsin,Big Ten,10,3,13
2009,Marshall,Conference USA,7,6,13
2009,West Virginia,Big East,9,4,13
2009,Fresno State,Western Athletic,8,5,13
2009,Louisiana,Sun Belt,6,6,12
2009,Utah State,Western Athletic,4,8,12
2009,Alabama,SEC,14,0,14
2009,Mississippi State,SEC,5,7,12
2009,Army,FBS Independents,5,7,12
2009,Illinois,Big Ten,3,9,12
2009,Air Force,Mountain West,8,5,13
2009,Akron,Mid-American,3,9,12
2009,Arkansas State,Sun Belt,4,8,12
2009,Ball State,Mid-American,2,10,12
2009,Buffalo,Mid-American,5,7,12
2009,UCF,Conference USA,8,5,13
2009,Central Michigan,Mid-American,12,2,14
2009,Cincinnati,Big East,12,1,13
2009,Eastern Michigan,Mid-American,0,12,12
2009,Florida Atlantic,Sun Belt,5,7,12
2009,Florida International,Sun Belt,3,9,12
2009,Iowa,Big Ten,11,2,13
2009,Kansas,Big 12,5,7,12
2009,Kansas State,Big 12,6,6,12
2009,Kent State,Mid-American,5,7,12
2009,Louisiana Tech,Western Athletic,4,8,12
2009,Miami,ACC,9,4,13
2009,Middle Tennessee,Sun Belt,10,3,13
2009,Navy,FBS Independents,10,4,14
2009,UL Monroe,Sun Belt,6,6,12
2009,UNLV,Mountain West,5,7,12
2009,Nevada,Western Athletic,8,5,13
2009,Northern Illinois,Mid-American,7,6,13
2009,Oregon,Pac-10,10,3,13
2009,Purdue,Big Ten,5,7,12
2009,SMU,Conference USA,8,5,13
2009,Southern Miss,Conference USA,7,6,13
2009,South Carolina,SEC,7,6,13
2009,TCU,Mountain West,12,1,13
2009,Tennessee,SEC,7,6,13
2009,UTEP,Conference USA,4,8,12
2009,Texas Tech,Big 12,9,4,13
2009,Toledo,Mid-American,5,7,12
2009,Troy,Sun Belt,9,4,13
2009,Tulane,Conference USA,3,9,12
2009,Western Michigan,Mid-American,5,7,12
2009,Wyoming,Mountain West,7,6,13
2010,Auburn,SEC,14,0,14
2010,UAB,Conference USA,4,8,12
2010,Arkansas,SEC,10,3,13
2010,Arizona State,Pac-10,6,6,12
2010,Arizona,Pac-10,7,6,13
2010,San Diego State,Mountain West,9,4,13
2010,San José State,Western Athletic,1,12,13
2010,Stanford,Pac-10,12,1,13
2010,California,Pac-10,5,7,12
2010,UCLA,Pac-10,4,8,12
2010,USC,Pac-10,8,5,13
2010,Colorado State,Mountain West,3,9,12
2010,Colorado,Big 12,5,7,12
2010,UConn,Big East,8,5,13
2010,Florida State,ACC,10,4,14
2010,Florida,SEC,8,5,13
2010,South Florida,Big East,8,5,13
2010,Georgia Tech,ACC,6,7,13
2010,Georgia,SEC,6,7,13
2010,Hawai'i,Western Athletic,10,4,14
2010,Iowa State,Big 12,5,7,12
2010,Boise State,Western Athletic,12,1,13
2010,Idaho,Western Athletic,6,7,13
2010,Northwestern,Big Ten,7,6,13
2010,Indiana,Big Ten,5,7,12
2010,Notre Dame,FBS Independents,8,5,13
2010,Kentucky,SEC,6,7,13
2010,Louisville,Big East,7,6,13
2010,Western Kentucky,Sun Belt,2,10,12
2010,LSU,SEC,11,2,13
2010,Boston College,ACC,7,6,13
2010,Maryland,ACC,9,4,13
2010,Michigan State,Big Ten,11,2,13
2010,Michigan,Big Ten,7,6,13
2010,Minnesota,Big Ten,3,9,12
2010,Missouri,Big 12,10,3,13
2010,Ole Miss,SEC,4,8,12
2010,Duke,ACC,3,9,12
2010,East Carolina,Conference USA,6,7,13
2010,NC State,ACC,9,4,13
2010,North Carolina,ACC,8,5,13
2010,Wake Forest,ACC,3,9,12
2010,Nebraska,Big 12,10,4,14
2010,Rutgers,Big East,4,8,12
2010,New Mexico State,Western Athletic,2,10,12
2010,New Mexico,Mountain West,1,11,12
2010,Syracuse,Big East,8,5,13
2010,Bowling Green,Mid-American,2,10,12
2010,Miami (OH),Mid-American,10,4,14
2010,Ohio State,Big Ten,12,1,13
2010,Ohio,Mid-American,8,5,13
2010,Oklahoma State,Big 12,11,2,13
2010,Oklahoma,Big 12,12,2,14
2010,Tulsa,Conference USA,10,3,13
2010,Oregon State,Pac-10,5,7,12
2010,Penn State,Big Ten,7,6,13
2010,Temple,Mid-American,8,4,12
2010,Pittsburgh,Big East,8,5,13
2010,Clemson,ACC,6,7,13
2010,Memphis,Conference USA,1,11,12
2010,Vanderbilt,SEC,2,10,12
2010,Baylor,Big 12,7,6,13
2010,Rice,Conference USA,4,8,12
2010,Texas A&M,Big 12,9,4,13
2010,Houston,Conference USA,5,7,12
2010,North Texas,Sun Belt,3,9,12
2010,Texas,Big 12,5,7,12
2010,BYU,Mountain West,7,6,13
2010,Utah,Mountain West,10,3,13
2010,Virginia,ACC,4,8,12
2010,Virginia Tech,ACC,11,3,14
2010,Washington,Pac-10,7,6,13
2010,Washington State,Pac-10,2,10,12
2010,Wisconsin,Big Ten,11,2,13
2010,Marshall,Conference USA,5,7,12
2010,West Virginia,Big East,9,4,13
2010,Fresno State,Western Athletic,8,5,13
2010,Louisiana,Sun Belt,3,9,12
2010,Utah State,Western Athletic,4,8,12
2010,Alabama,SEC,10,3,13
2010,Mississippi State,SEC,9,4,13
2010,Army,FBS Independents,7,6,13
2010,Illinois,Big Ten,7,6,13
2010,Air Force,Mountain West,9,4,13
2010,Akron,Mid-American,1,11,12
2010,Arkansas State,Sun Belt,4,8,12
2010,Ball State,Mid-American,4,8,12
2010,Buffalo,Mid-American,2,10,12
2010,UCF,Conference USA,11,3,14
2010,Central Michigan,Mid-American,3,9,12
2010,Cincinnati,Big East,4,8,12
2010,Eastern Michigan,Mid-American,2,10,12
2010,Florida Atlantic,Sun Belt,4,8,12
2010,Florida International,Sun Belt,7,6,13
2010,Iowa,Big Ten,8,5,13
2010,Kansas,Big 12,3,9,12
2010,Kansas State,Big 12,7,6,13
2010,Kent State,Mid-American,5,7,12
2010,Louisiana Tech,Western Athletic,5,7,12
2010,Miami,ACC,7,6,13
2010,Middle Tennessee,Sun Belt,6,7,13
2010,Navy,FBS Independents,9,4,13
2010,UL Monroe,Sun Belt,5,7,12
2010,UNLV,Mountain West,2,11,13
2010,Nevada,Western Athletic,13,1,14
2010,Northern Illinois,Mid-American,11,3,14
2010,Oregon,Pac-10,12,1,13
2010,Purdue,Big Ten,4,8,12
2010,SMU,Conference USA,7,7,14
2010,Southern Miss,Conference USA,8,5,13
2010,South Carolina,SEC,9,5,14
2010,TCU,Mountain West,13,0,13
2010,Tennessee,SEC,6,7,13
2010,UTEP,Conference USA,6,7,13
2010,Texas Tech,Big 12,8,5,13
2010,Toledo,Mid-American,8,5,13
2010,Troy,Sun Belt,8,5,13
2010,Tulane,Conference USA,4,8,12
2010,Western Michigan,Mid-American,6,6,12
2010,Wyoming,Mountain West,3,9,12
2011,Auburn,SEC,8,5,13
2011,UAB,Conference USA,3,9,12
2011,Arkansas,SEC,11,2,13
2011,Arizona State,Pac-12,6,7,13
2011,Arizona,Pac-12,4,8,12
2011,San Diego State,Mountain West,8,5,13
2011,San José State,Western Athletic,5,7,12
2011,Stanford,Pac-12,11,2,13
2011,California,Pac-12,7,6,13
2011,UCLA,Pac-12,6,8,14
2011,USC,Pac-12,10,2,12
2011,Colorado State,Mountain West,3,9,12
2011,Colorado,Pac-12,3,10,13
2011,UConn,Big East,5,7,12
2011,Florida State,ACC,9,4,13
2011,Florida,SEC,7,6,13
2011,South Florida,Big East,5,7,12
2011,Georgia Tech,ACC,8,5,13
2011,Georgia,SEC,10,4,14
2011,Hawai'i,Western Athletic,6,7,13
2011,Iowa State,Big 12,6,7,13
2011,Boise State,Mountain West,12,1,13
2011,Idaho,Western Athletic,2,10,12
2011,Northwestern,Big Ten,6,7,13
2011,Indiana,Big Ten,1,11,12
2011,Notre Dame,FBS Independents,8,5,13
2011,Kentucky,SEC,5,7,12
2011,Louisville,Big East,7,6,13
2011,Western Kentucky,Sun Belt,7,5,12
2011,LSU,SEC,13,1,14
2011,Boston College,ACC,4,8,12
2011,Maryland,ACC,2,10,12
2011,Michigan State,Big Ten,11,3,14
2011,Michigan,Big Ten,11,2,13
2011,Minnesota,Big Ten,3,9,12
2011,Missouri,Big 12,8,5,13
2011,Ole Miss,SEC,2,10,12
2011,Duke,ACC,3,9,12
2011,East Carolina,Conference USA,5,7,12
2011,NC State,ACC,8,5,13
2011,North Carolina,ACC,7,6,13
2011,Wake Forest,ACC,6,7,13
2011,Nebraska,Big Ten,9,4,13
2011,Rutgers,Big East,9,4,13
2011,New Mexico State,Western Athletic,4,9,13
2011,New Mexico,Mountain West,1,11,12
2011,Syracuse,Big East,5,7,12
2011,Bowling Green,Mid-American,5,7,12
2011,Miami (OH),Mid-American,4,8,12
2011,Ohio State,Big Ten,6,7,13
2011,Ohio,Mid-American,10,4,14
2011,Oklahoma State,Big 12,12,1,13
2011,Oklahoma,Big 12,10,3,13
2011,Tulsa,Conference USA,8,5,13
2011,Oregon State,Pac-12,3,9,12
2011,Penn State,Big Ten,9,4,13
2011,Temple,Mid-American,9,4,13
2011,Pittsburgh,Big East,6,7,13
2011,Clemson,ACC,10,4,14
2011,Memphis,Conference USA,2,10,12
2011,Vanderbilt,SEC,6,7,13
2011,Baylor,Big 12,10,3,13
2011,Rice,Conference USA,4,8,12
2011,Texas A&M,Big 12,7,6,13
2011,Houston,Conference USA,13,1,14
2011,North Texas,Sun Belt,5,7,12
2011,Texas,Big 12,8,5,13
2011,BYU,FBS Independents,10,3,13
2011,Utah,Pac-12,8,5,13
2011,Virginia,ACC,8,5,13
2011,Virginia Tech,ACC,11,3,14
2011,Washington,Pac-12,7,6,13
2011,Washington State,Pac-12,4,8,12
2011,Wisconsin,Big Ten,11,3,14
2011,Marshall,Conference USA,7,6,13
2011,West Virginia,Big East,10,3,13
2011,Fresno State,Western Athletic,4,9,13
2011,Louisiana,Sun Belt,9,4,13
2011,Utah State,Western Athletic,7,6,13
2011,Alabama,SEC,12,1,13
2011,Mississippi State,SEC,7,6,13
2011,Army,FBS Independents,3,9,12
2011,Illinois,Big Ten,7,6,13
2011,Air Force,Mountain West,7,6,13
2011,Akron,Mid-American,1,11,12
2011,Arkansas State,Sun Belt,10,3,13
2011,Ball State,Mid-American,6,6,12
2011,Buffalo,Mid-American,3,9,12
2011,UCF,Conference USA,5,7,12
2011,Central Michigan,Mid-American,3,9,12
2011,Cincinnati,Big East,10,3,13
2011,Eastern Michigan,Mid-American,6,6,12
2011,Florida Atlantic,Sun Belt,1,11,12
2011,Florida International,Sun Belt,8,5,13
2011,Iowa,Big Ten,7,6,13
2011,Kansas,Big 12,2,10,12
2011,Kansas State,Big 12,10,3,13
2011,Kent State,Mid-American,5,7,12
2011,Louisiana Tech,Western Athletic,8,5,13
2011,Miami,ACC,6,6,12
2011,Middle Tennessee,Sun Belt,2,10,12
2011,Navy,FBS Independents,5,7,12
2011,UL Monroe,Sun Belt,4,8,12
2011,UNLV,Mountain West,2,10,12
2011,Nevada,Western Athletic,7,6,13
2011,Northern Illinois,Mid-American,11,3,14
2011,Oregon,Pac-12,12,2,14
2011,Purdue,Big Ten,7,6,13
2011,SMU,Conference USA,8,5,13
2011,Southern Miss,Conference USA,12,2,14
2011,South Carolina,SEC,11,2,13
2011,TCU,Mountain West,11,2,13
2011,Tennessee,SEC,5,7,12
2011,UTEP,Conference USA,5,7,12
2011,Texas Tech,Big 12,5,7,12
2011,Toledo,Mid-American,9,4,13
2011,Troy,Sun Belt,3,9,12
2011,Tulane,Conference USA,2,11,13
2011,Western Michigan,Mid-American,7,6,13
2011,Wyoming,Mountain West,8,5,13
2012,Auburn,SEC,3,9,12
2012,UAB,Conference USA,3,9,12
2012,South Alabama,Sun Belt,2,11,13
2012,Arkansas,SEC,4,8,12
2012,Arizona State,Pac-12,8,5,13
2012,Arizona,Pac-12,8,5,13
2012,San Diego State,Mountain West,9,4,13
2012,San José State,Western Athletic,11,2,13
2012,Stanford,Pac-12,12,2,14
2012,California,Pac-12,3,9,12
2012,UCLA,Pac-12,9,5,14
2012,USC,Pac-12,7,6,13
2012,Colorado State,Mountain West,4,8,12
2012,Colorado,Pac-12,1,11,12
2012,UConn,Big East,5,7,12
2012,Florida State,ACC,12,2,14
2012,Florida,SEC,11,2,13
2012,South Florida,Big East,3,9,12
2012,Georgia Tech,ACC,7,7,14
2012,Georgia,SEC,12,2,14
2012,Hawai'i,Mountain West,3,9,12
2012,Iowa State,Big 12,6,7,13
2012,Boise State,Mountain West,11,2,13
2012,Idaho,Western Athletic,1,11,12
2012,Northwestern,Big Ten,10,3,13
2012,Indiana,Big Ten,4,8,12
2012,Notre Dame,FBS Independents,12,1,13
2012,Kentucky,SEC,2,10,12
2012,Louisville,Big East,11,2,13
2012,Western Kentucky,Sun Belt,7,6,13
2012,LSU,SEC,10,3,13
2012,Boston College,ACC,2,10,12
2012,Massachusetts,Mid-American,1,11,12
2012,Maryland,ACC,4,8,12
2012,Michigan State,Big Ten,7,6,13
2012,Michigan,Big Ten,8,5,13
2012,Minnesota,Big Ten,6,7,13
2012,Missouri,SEC,5,7,12
2012,Ole Miss,SEC,7,6,13
2012,Duke,ACC,6,7,13
2012,East Carolina,Conference USA,8,5,13
2012,NC State,ACC,7,6,13
2012,North Carolina,ACC,8,4,12
2012,Wake Forest,ACC,5,7,12
2012,Nebraska,Big Ten,10,4,14
2012,Rutgers,Big East,9,4,13
2012,New Mexico State,Western Athletic,1,11,12
2012,New Mexico,Mountain West,4,9,13
2012,Syracuse,Big East,8,5,13
2012,Bowling Green,Mid-American,8,5,13
2012,Miami (OH),Mid-American,4,8,12
2012,Ohio State,Big Ten,12,0,12
2012,Ohio,Mid-American,9,4,13
2012,Oklahoma State,Big 12,8,5,13
2012,Oklahoma,Big 12,10,3,13
2012,Tulsa,Conference USA,11,3,14
2012,Oregon State,Pac-12,9,4,13
2012,Penn State,Big Ten,8,4,12
2012,Temple,Big East,4,7,11
2012,Pittsburgh,Big East,6,7,13
2012,Clemson,ACC,11,2,13
2012,Memphis,Conference USA,4,8,12
2012,Vanderbilt,SEC,9,4,13
2012,Baylor,Big 12,8,5,13
2012,Rice,Conference USA,7,6,13
2012,Texas A&M,SEC,11,2,13
2012,Houston,Conference USA,5,7,12
2012,North Texas,Sun Belt,4,8,12
2012,Texas,Big 12,9,4,13
2012,BYU,FBS Independents,8,5,13
2012,Utah,Pac-12,5,7,12
2012,Virginia,ACC,4,8,12
2012,Virginia Tech,ACC,7,6,13
2012,Washington,Pac-12,7,6,13
2012,Washington State,Pac-12,3,9,12
2012,Wisconsin,Big Ten,8,6,14
2012,Marshall,Conference USA,5,7,12
2012,West Virginia,Big 12,7,6,13
2012,Fresno State,Mountain West,9,4,13
2012,Louisiana,Sun Belt,9,4,13
2012,Texas State,Western Athletic,4,8,12
2012,Utah State,Western Athletic,11,2,13
2012,Alabama,SEC,13,1,14
2012,Mississippi State,SEC,8,5,13
2012,Army,FBS Independents,2,10,12
2012,Illinois,Big Ten,2,10,12
2012,Air Force,Mountain West,6,7,13
2012,Akron,Mid-American,1,11,12
2012,Arkansas State,Sun Belt,10,3,13
2012,Ball State,Mid-American,9,4,13
2012,Buffalo,Mid-American,4,8,12
2012,UCF,Conference USA,10,4,14
2012,Central Michigan,Mid-American,7,6,13
2012,Cincinnati,Big East,10,3,13
2012,Eastern Michigan,Mid-American,2,10,12
2012,Florida Atlantic,Sun Belt,3,9,12
2012,Florida International,Sun Belt,3,9,12
2012,Iowa,Big Ten,4,8,12
2012,Kansas,Big 12,1,11,12
2012,Kansas State,Big 12,11,2,13
2012,Kent State,Mid-American,11,3,14
2012,Louisiana Tech,Western Athletic,9,3,12
2012,Miami,ACC,7,5,12
2012,Middle Tennessee,Sun Belt,8,4,12
2012,Navy,FBS Independents,8,5,13
2012,UL Monroe,Sun Belt,8,5,13
2012,UNLV,Mountain West,2,11,13
2012,Nevada,Mountain West,7,6,13
2012,Northern Illinois,Mid-American,12,2,14
2012,Oregon,Pac-12,12,1,13
2012,Purdue,Big Ten,6,7,13
2012,SMU,Conference USA,7,6,13
2012,Southern Miss,Conference USA,0,12,12
2012,South Carolina,SEC,11,2,13
2012,TCU,Big 12,7,6,13
2012,Tennessee,SEC,5,7,12
2012,UTSA,Western Athletic,8,4,12
2012,UTEP,Conference USA,3,9,12
2012,Texas Tech,Big 12,8,5,13
2012,Toledo,Mid-American,9,4,13
2012,Troy,Sun Belt,5,7,12
2012,Tulane,Conference USA,2,10,12
2012,Western Michigan,Mid-American,4,8,12
2012,Wyoming,Mountain West,4,8,12
2013,Auburn,SEC,12,2,14
2013,UAB,Conference USA,2,10,12
2013,South Alabama,Sun Belt,6,6,12
2013,Arkansas,SEC,3,9,12
2013,Arizona State,Pac-12,10,4,14
2013,Arizona,Pac-12,8,5,13
2013,San Diego State,Mountain West,8,5,13
2013,San José State,Mountain West,6,6,12
2013,Stanford,Pac-12,11,3,14
2013,California,Pac-12,1,11,12
2013,UCLA,Pac-12,10,3,13
2013,USC,Pac-12,10,4,14
2013,Colorado State,Mountain West,8,6,14
2013,Colorado,Pac-12,4,8,12
2013,UConn,American Athletic,3,9,12
2013,Florida State,ACC,14,0,14
2013,Florida,SEC,4,8,12
2013,South Florida,American Athletic,2,10,12
2013,Georgia Tech,ACC,7,6,13
2013,Georgia,SEC,8,5,13
2013,Hawai'i,Mountain West,1,11,12
2013,Iowa State,Big 12,3,9,12
2013,Boise State,Mountain West,8,5,13
2013,Idaho,FBS Independents,1,11,12
2013,Northwestern,Big Ten,5,7,12
2013,Indiana,Big Ten,5,7,12
2013,Notre Dame,FBS Independents,9,4,13
2013,Kentucky,SEC,2,10,12
2013,Louisville,American Athletic,12,1,13
2013,Western Kentucky,Sun Belt,8,4,12
2013,LSU,SEC,10,3,13
2013,Boston College,ACC,7,6,13
2013,Massachusetts,Mid-American,1,11,12
2013,Maryland,ACC,7,6,13
2013,Michigan State,Big Ten,13,1,14
2013,Michigan,Big Ten,7,6,13
2013,Minnesota,Big Ten,8,5,13
2013,Missouri,SEC,12,2,14
2013,Ole Miss,SEC,8,5,13
2013,Duke,ACC,10,4,14
2013,East Carolina,Conference USA,10,3,13
2013,NC State,ACC,3,9,12
2013,North Carolina,ACC,7,6,13
2013,Wake Forest,ACC,4,8,12
2013,Nebraska,Big Ten,9,4,13
2013,Rutgers,American Athletic,6,7,13
2013,New Mexico State,FBS Independents,2,10,12
2013,New Mexico,Mountain West,3,9,12
2013,Syracuse,ACC,7,6,13
2013,Bowling Green,Mid-American,10,4,14
2013,Miami (OH),Mid-American,0,12,12
2013,Ohio State,Big Ten,12,2,14
2013,Ohio,Mid-American,7,6,13
2013,Oklahoma State,Big 12,10,3,13
2013,Oklahoma,Big 12,11,2,13
2013,Tulsa,Conference USA,3,9,12
2013,Oregon State,Pac-12,7,6,13
2013,Penn State,Big Ten,7,5,12
2013,Temple,American Athletic,2,10,12
2013,Pittsburgh,ACC,7,6,13
2013,Clemson,ACC,11,2,13
2013,Memphis,American Athletic,3,9,12
2013,Vanderbilt,SEC,9,4,13
2013,Baylor,Big 12,11,2,13
2013,Rice,Conference USA,10,4,14
2013,Texas A&M,SEC,9,4,13
2013,Houston,American Athletic,8,5,13
2013,North Texas,Conference USA,9,4,13
2013,Texas,Big 12,8,5,13
2013,BYU,FBS Independents,8,5,13
2013,Utah,Pac-12,5,7,12
2013,Virginia,ACC,2,10,12
2013,Virginia Tech,ACC,8,5,13
2013,Washington,Pac-12,9,4,13
2013,Washington State,Pac-12,6,7,13
2013,Wisconsin,Big Ten,9,4,13
2013,Marshall,Conference USA,10,4,14
2013,West Virginia,Big 12,4,8,12
2013,Fresno State,Mountain West,11,2,13
2013,Louisiana,Sun Belt,9,4,13
2013,Texas State,Sun Belt,6,6,12
2013,Utah State,Mountain West,9,5,14
2013,Alabama,SEC,11,2,13
2013,Mississippi State,SEC,7,6,13
2013,Army,FBS Independents,3,9,12
2013,Illinois,Big Ten,4,8,12
2013,Air Force,Mountain West,2,10,12
2013,Akron,Mid-American,5,7,12
2013,Arkansas State,Sun Belt,8,5,13
2013,Ball State,Mid-American,10,3,13
2013,Buffalo,Mid-American,8,5,13
2013,UCF,American Athletic,12,1,13
2013,Central Michigan,Mid-American,6,6,12
2013,Cincinnati,American Athletic,9,4,13
2013,Eastern Michigan,Mid-American,2,10,12
2013,Florida Atlantic,Conference USA,6,6,12
2013,Florida International,Conference USA,1,11,12
2013,Georgia State,Sun Belt,0,12,12
2013,Iowa,Big Ten,8,5,13
2013,Kansas,Big 12,3,9,12
2013,Kansas State,Big 12,8,5,13
2013,Kent State,Mid-American,4,8,12
2013,Louisiana Tech,Conference USA,4,8,12
2013,Miami,ACC,9,4,13
2013,Middle Tennessee,Conference USA,8,5,13
2013,Navy,FBS Independents,9,4,13
2013,UL Monroe,Sun Belt,6,6,12
2013,UNLV,Mountain West,7,6,13
2013,Nevada,Mountain West,4,8,12
2013,Northern Illinois,Mid-American,12,2,14
2013,Oregon,Pac-12,11,2,13
2013,Purdue,Big Ten,1,11,12
2013,SMU,American Athletic,5,7,12
2013,Southern Miss,Conference USA,1,11,12
2013,South Carolina,SEC,11,2,13
2013,TCU,Big 12,4,8,12
2013,Tennessee,SEC,5,7,12
2013,UTSA,Conference USA,7,5,12
2013,UTEP,Conference USA,2,10,12
2013,Texas Tech,Big 12,8,5,13
2013,Toledo,Mid-American,7,5,12
2013,Troy,Sun Belt,6,6,12
2013,Tulane,Conference USA,7,6,13
2013,Western Michigan,Mid-American,1,11,12
2013,Wyoming,Mountain West,5,7,12
2014,Auburn,SEC,8,5,13
2014,UAB,Conference USA,6,6,12
2014,South Alabama,Sun Belt,6,7,13
2014,Arkansas,SEC,7,6,13
2014,Arizona State,Pac-12,10,3,13
2014,Arizona,Pac-12,10,4,14
2014,San Diego State,Mountain West,7,6,13
2014,San José State,Mountain West,3,9,12
2014,Stanford,Pac-12,8,5,13
2014,California,Pac-12,5,7,12
2014,UCLA,Pac-12,10,3,13
2014,USC,Pac-12,9,4,13
2014,Colorado State,Mountain West,10,3,13
2014,Colorado,Pac-12,2,10,12
2014,UConn,American Athletic,2,10,12
2014,Florida State,ACC,13,1,14
2014,Florida,SEC,7,5,12
2014,South Florida,American Athletic,4,8,12
2014,Georgia Tech,ACC,11,3,14
2014,Georgia,SEC,10,3,13
2014,Hawai'i,Mountain West,4,9,13
2014,Iowa State,Big 12,2,10,12
2014,Boise State,Mountain West,12,2,14
2014,Idaho,Sun Belt,1,10,11
2014,Northwestern,Big Ten,5,7,12
2014,Indiana,Big Ten,4,8,12
2014,Notre Dame,FBS Independents,8,5,13
2014,Kentucky,SEC,5,7,12
2014,Louisville,ACC,9,4,13
2014,Western Kentucky,Conference USA,8,5,13
2014,LSU,SEC,8,5,13
2014,Boston College,ACC,7,6,13
2014,Massachusetts,Mid-American,3,9,12
2014,Maryland,Big Ten,7,6,13
2014,Michigan State,Big Ten,11,2,13
2014,Michigan,Big Ten,5,7,12
2014,Minnesota,Big Ten,8,5,13
2014,Missouri,SEC,11,3,14
2014,Ole Miss,SEC,9,4,13
2014,Duke,ACC,9,4,13
2014,East Carolina,American Athletic,8,5,13
2014,NC State,ACC,8,5,13
2014,North Carolina,ACC,6,7,13
2014,Wake Forest,ACC,3,9,12
2014,Nebraska,Big Ten,9,4,13
2014,Rutgers,Big Ten,8,5,13
2014,New Mexico State,Sun Belt,2,10,12
2014,New Mexico,Mountain West,4,8,12
2014,Syracuse,ACC,3,9,12
2014,Bowling Green,Mid-American,8,6,14
2014,Miami (OH),Mid-American,2,10,12
2014,Ohio State,Big Ten,14,1,15
2014,Ohio,Mid-American,6,6,12
2014,Oklahoma State,Big 12,7,6,13
2014,Oklahoma,Big 12,8,5,13
2014,Tulsa,American Athletic,2,10,12
2014,Oregon State,Pac-12,5,7,12
2014,Penn State,Big Ten,7,6,13
2014,Temple,American Athletic,6,6,12
2014,Pittsburgh,ACC,6,7,13
2014,Clemson,ACC,10,3,13
2014,Memphis,American Athletic,10,3,13
2014,Vanderbilt,SEC,3,9,12
2014,Baylor,Big 12,11,2,13
2014,Rice,Conference USA,8,5,13
2014,Texas A&M,SEC,8,5,13
2014,Houston,American Athletic,8,5,13
2014,North Texas,Conference USA,4,8,12
2014,Texas,Big 12,6,7,13
2014,BYU,FBS Independents,8,5,13
2014,Utah,Pac-12,9,4,13
2014,Virginia,ACC,5,7,12
2014,Virginia Tech,ACC,7,6,13
2014,Washington,Pac-12,8,6,14
2014,Washington State,Pac-12,3,9,12
2014,Wisconsin,Big Ten,11,3,14
2014,Marshall,Conference USA,13,1,14
2014,West Virginia,Big 12,7,6,13
2014,Fresno State,Mountain West,6,8,14
2014,Georgia Southern,Sun Belt,9,3,12
2014,Old Dominion,Conference USA,6,6,12
2014,Louisiana,Sun Belt,9,4,13
2014,Texas State,Sun Belt,7,5,12
2014,Utah State,Mountain West,10,4,14
2014,Alabama,SEC,12,2,14
2014,Mississippi State,SEC,10,3,13
2014,Army,FBS Independents,4,8,12
2014,Illinois,Big Ten,6,7,13
2014,Air Force,Mountain West,10,3,13
2014,Akron,Mid-American,5,7,12
2014,App State,Sun Belt,7,5,12
2014,Arkansas State,Sun Belt,7,6,13
2014,Ball State,Mid-American,5,7,12
2014,Buffalo,Mid-American,5,6,11
2014,UCF,American Athletic,9,4,13
2014,Central Michigan,Mid-American,7,6,13
2014,Cincinnati,American Athletic,9,4,13
2014,Eastern Michigan,Mid-American,2,10,12
2014,Florida Atlantic,Conference USA,3,9,12
2014,Florida International,Conference USA,4,8,12
2014,Georgia State,Sun Belt,1,11,12
2014,Iowa,Big Ten,7,6,13
2014,Kansas,Big 12,3,9,12
2014,Kansas State,Big 12,9,4,13
2014,Kent State,Mid-American,2,9,11
2014,Louisiana Tech,Conference USA,9,5,14
2014,Miami,ACC,6,7,13
2014,Middle Tennessee,Conference USA,6,6,12
2014,Navy,FBS Independents,8,5,13
2014,UL Monroe,Sun Belt,4,8,12
2014,UNLV,Mountain West,2,11,13
2014,Nevada,Mountain West,7,6,13
2014,Northern Illinois,Mid-American,11,3,14
2014,Oregon,Pac-12,13,2,15
2014,Purdue,Big Ten,3,9,12
2014,SMU,American Athletic,1,11,12
2014,Southern Miss,Conference USA,3,9,12
2014,South Carolina,SEC,7,6,13
2014,TCU,Big 12,12,1,13
2014,Tennessee,SEC,7,6,13
2014,UTSA,Conference USA,4,8,12
2014,UTEP,Conference USA,7,6,13
2014,Texas Tech,Big 12,4,8,12
2014,Toledo,Mid-American,9,4,13
2014,Troy,Sun Belt,3,9,12
2014,Tulane,American Athletic,3,9,12
2014,Western Michigan,Mid-American,8,5,13
2014,Wyoming,Mountain West,4,8,12
2015,Auburn,SEC,7,6,13
2015,South Alabama,Sun Belt,5,7,12
2015,Arkansas,SEC,8,5,13
2015,Arizona State,Pac-12,6,7,13
2015,Arizona,Pac-12,7,6,13
2015,San Diego State,Mountain West,11,3,14
2015,San José State,Mountain West,6,7,13
2015,Stanford,Pac-12,12,2,14
2015,California,Pac-12,8,5,13
2015,UCLA,Pac-12,8,5,13
2015,USC,Pac-12,8,6,14
2015,Colorado State,Mountain West,7,6,13
2015,Colorado,Pac-12,4,9,13
2015,UConn,American Athletic,6,7,13
2015,Florida State,ACC,10,3,13
2015,Florida,SEC,10,4,14
2015,South Florida,American Athletic,8,5,13
2015,Georgia Tech,ACC,3,9,12
2015,Georgia,SEC,10,3,13
2015,Hawai'i,Mountain West,3,10,13
2015,Iowa State,Big 12,3,9,12
2015,Boise State,Mountain West,9,4,13
2015,Idaho,Sun Belt,4,8,12
2015,Northwestern,Big Ten,10,3,13
2015,Indiana,Big Ten,6,7,13
2015,Notre Dame,FBS Independents,10,3,13
2015,Kentucky,SEC,5,7,12
2015,Louisville,ACC,8,5,13
2015,Western Kentucky,Conference USA,12,2,14
2015,LSU,SEC,9,3,12
2015,Boston College,ACC,3,9,12
2015,Massachusetts,Mid-American,3,9,12
2015,Maryland,Big Ten,3,9,12
2015,Michigan State,Big Ten,12,2,14
2015,Michigan,Big Ten,10,3,13
2015,Minnesota,Big Ten,6,7,13
2015,Missouri,SEC,5,7,12
2015,Ole Miss,SEC,10,3,13
2015,Duke,ACC,8,5,13
2015,East Carolina,American Athletic,5,7,12
2015,NC State,ACC,7,6,13
2015,North Carolina,ACC,11,3,14
2015,Wake Forest,ACC,3,9,12
2015,Nebraska,Big Ten,6,7,13
2015,Rutgers,Big Ten,4,8,12
2015,New Mexico State,Sun Belt,3,9,12
2015,New Mexico,Mountain West,7,6,13
2015,Syracuse,ACC,4,8,12
2015,Bowling Green,Mid-American,10,4,14
2015,Miami (OH),Mid-American,3,9,12
2015,Ohio State,Big Ten,12,1,13
2015,Ohio,Mid-American,8,5,13
2015,Oklahoma State,Big 12,10,3,13
2015,Oklahoma,Big 12,11,2,13
2015,Tulsa,American Athletic,6,7,13
2015,Oregon State,Pac-12,2,10,12
2015,Penn State,Big Ten,7,6,13
2015,Temple,American Athletic,10,4,14
2015,Pittsburgh,ACC,8,5,13
2015,Clemson,ACC,14,1,15
2015,Memphis,American Athletic,9,4,13
2015,Vanderbilt,SEC,4,8,12
2015,Baylor,Big 12,10,3,13
2015,Rice,Conference USA,5,7,12
2015,Texas A&M,SEC,8,5,13
2015,Houston,American Athletic,13,1,14
2015,North Texas,Conference USA,1,11,12
2015,Texas,Big 12,5,7,12
2015,BYU,FBS Independents,9,4,13
2015,Utah,Pac-12,10,3,13
2015,Virginia,ACC,4,8,12
2015,Virginia Tech,ACC,7,6,13
2015,Washington,Pac-12,7,6,13
2015,Washington State,Pac-12,9,4,13
2015,Wisconsin,Big Ten,10,3,13
2015,Marshall,Conference USA,10,3,13
2015,West Virginia,Big 12,8,5,13
2015,Fresno State,Mountain West,3,9,12
2015,Georgia Southern,Sun Belt,9,4,13
2015,Old Dominion,Conference USA,5,7,12
2015,Louisiana,Sun Belt,4,8,12
2015,Texas State,Sun Belt,3,9,12
2015,Utah State,Mountain West,6,7,13
2015,Alabama,SEC,14,1,15
2015,Mississippi State,SEC,9,4,13
2015,Army,FBS Independents,2,10,12
2015,Illinois,Big Ten,5,7,12
2015,Air Force,Mountain West,8,6,14
2015,Akron,Mid-American,8,5,13
2015,App State,Sun Belt,11,2,13
2015,Arkansas State,Sun Belt,9,4,13
2015,Ball State,Mid-American,3,9,12
2015,Buffalo,Mid-American,5,7,12
2015,UCF,American Athletic,0,12,12
2015,Central Michigan,Mid-American,7,6,13
2015,Cincinnati,American Athletic,7,6,13
2015,Eastern Michigan,Mid-American,1,11,12
2015,Florida Atlantic,Conference USA,3,9,12
2015,Florida International,Conference USA,5,7,12
2015,Georgia State,Sun Belt,6,7,13
2015,Iowa,Big Ten,12,2,14
2015,Kansas,Big 12,0,12,12
2015,Kansas State,Big 12,6,7,13
2015,Kent State,Mid-American,3,9,12
2015,Louisiana Tech,Conference USA,9,4,13
2015,Miami,ACC,8,5,13
2015,Middle Tennessee,Conference USA,7,6,13
2015,Navy,American Athletic,11,2,13
2015,Charlotte,Conference USA,2,10,12
2015,UL Monroe,Sun Belt,2,11,13
2015,UNLV,Mountain West,3,9,12
2015,Nevada,Mountain West,7,6,13
2015,Northern Illinois,Mid-American,8,6,14
2015,Oregon,Pac-12,9,4,13
2015,Purdue,Big Ten,2,10,12
2015,SMU,American Athletic,2,10,12
2015,Southern Miss,Conference USA,9,5,14
2015,South Carolina,SEC,3,9,12
2015,TCU,Big 12,11,2,13
2015,Tennessee,SEC,9,4,13
2015,UTSA,Conference USA,3,9,12
2015,UTEP,Conference USA,5,7,12
2015,Texas Tech,Big 12,7,6,13
2015,Toledo,Mid-American,10,2,12
2015,Troy,Sun Belt,4,8,12
2015,Tulane,American Athletic,3,9,12
2015,Western Michigan,Mid-American,8,5,13
2015,Wyoming,Mountain West,2,10,12
2016,Auburn,SEC,8,5,13
2016,South Alabama,Sun Belt,6,7,13
2016,Arkansas,SEC,7,6,13
2016,Arizona State,Pac-12,5,7,12
2016,Arizona,Pac-12,3,9,12
2016,San Diego State,Mountain West,11,3,14
2016,San José State,Mountain West,4,8,12
2016,Stanford,Pac-12,10,3,13
2016,California,Pac-12,5,7,12
2016,UCLA,Pac-12,4,8,12
2016,USC,Pac-12,10,3,13
2016,Colorado State,Mountain West,7,6,13
2016,Colorado,Pac-12,10,4,14
2016,UConn,American Athletic,3,9,12
2016,Florida State,ACC,10,3,13
2016,Florida,SEC,9,4,13
2016,South Florida,American Athletic,11,2,13
2016,Georgia Tech,ACC,9,4,13
2016,Georgia,SEC,8,5,13
2016,Hawai'i,Mountain West,7,7,14
2016,Iowa State,Big 12,3,9,12
2016,Boise State,Mountain West,10,3,13
2016,Idaho,Sun Belt,9,4,13
2016,Northwestern,Big Ten,7,6,13
2016,Indiana,Big Ten,6,7,13
2016,Notre Dame,FBS Independents,4,8,12
2016,Kentucky,SEC,7,6,13
2016,Louisville,ACC,9,4,13
2016,Western Kentucky,Conference USA,11,3,14
2016,LSU,SEC,8,4,12
2016,Boston College,ACC,7,6,13
2016,Massachusetts,FBS Independents,2,10,12
2016,Maryland,Big Ten,6,7,13
2016,Michigan State,Big Ten,3,9,12
2016,Michigan,Big Ten,10,3,13
2016,Minnesota,Big Ten,9,4,13
2016,Missouri,SEC,4,8,12
2016,Ole Miss,SEC,5,7,12
2016,Duke,ACC,4,8,12
2016,East Carolina,American Athletic,3,9,12
2016,NC State,ACC,7,6,13
2016,North Carolina,ACC,8,5,13
2016,Wake Forest,ACC,7,6,13
2016,Nebraska,Big Ten,9,4,13
2016,Rutgers,Big Ten,2,10,12
2016,New Mexico State,Sun Belt,3,9,12
2016,New Mexico,Mountain West,9,4,13
2016,Syracuse,ACC,4,8,12
2016,Bowling Green,Mid-American,4,8,12
2016,Miami (OH),Mid-American,6,7,13
2016,Ohio State,Big Ten,11,2,13
2016,Ohio,Mid-American,8,6,14
2016,Oklahoma State,Big 12,10,3,13
2016,Oklahoma,Big 12,11,2,13
2016,Tulsa,American Athletic,10,3,13
2016,Oregon State,Pac-12,4,8,12
2016,Penn State,Big Ten,11,3,14
2016,Temple,American Athletic,10,4,14
2016,Pittsburgh,ACC,8,5,13
2016,Clemson,ACC,14,1,15
2016,Memphis,American Athletic,8,5,13
2016,Vanderbilt,SEC,6,7,13
2016,Baylor,Big 12,7,6,13
2016,Rice,Conference USA,3,9,12
2016,Texas A&M,SEC,8,5,13
2016,Houston,American Athletic,9,4,13
2016,North Texas,Conference USA,5,8,13
2016,Texas,Big 12,5,7,12
2016,BYU,FBS Independents,9,4,13
2016,Utah,Pac-12,9,4,13
2016,Virginia,ACC,2,10,12
2016,Virginia Tech,ACC,10,4,14
2016,Washington,Pac-12,12,2,14
2016,Washington State,Pac-12,8,5,13
2016,Wisconsin,Big Ten,11,3,14
2016,Marshall,Conference USA,3,9,12
2016,West Virginia,Big 12,10,3,13
2016,Fresno State,Mountain West,1,11,12
2016,Georgia Southern,Sun Belt,5,7,12
2016,Old Dominion,Conference USA,10,3,13
2016,Louisiana,Sun Belt,6,7,13
2016,Texas State,Sun Belt,2,10,12
2016,Utah State,Mountain West,3,9,12
2016,Alabama,SEC,14,1,15
2016,Mississippi State,SEC,6,7,13
2016,Army,FBS Independents,8,5,13
2016,Illinois,Big Ten,3,9,12
2016,Air Force,Mountain West,10,3,13
2016,Akron,Mid-American,5,7,12
2016,App State,Sun Belt,10,3,13
2016,Arkansas State,Sun Belt,8,5,13
2016,Ball State,Mid-American,4,8,12
2016,Buffalo,Mid-American,2,10,12
2016,UCF,American Athletic,6,7,13
2016,Central Michigan,Mid-American,6,7,13
2016,Cincinnati,American Athletic,4,8,12
2016,Eastern Michigan,Mid-American,7,6,13
2016,Florida Atlantic,Conference USA,3,9,12
2016,Florida International,Conference USA,4,8,12
2016,Georgia State,Sun Belt,3,9,12
2016,Iowa,Big Ten,8,5,13
2016,Kansas,Big 12,2,10,12
2016,Kansas State,Big 12,9,4,13
2016,Kent State,Mid-American,3,9,12
2016,Louisiana Tech,Conference USA,9,5,14
2016,Miami,ACC,9,4,13
2016,Middle Tennessee,Conference USA,8,5,13
2016,Navy,American Athletic,9,5,14
2016,Charlotte,Conference USA,4,8,12
2016,UL Monroe,Sun Belt,4,8,12
2016,UNLV,Mountain West,4,8,12
2016,Nevada,Mountain West,5,7,12
2016,Northern Illinois,Mid-American,5,7,12
2016,Oregon,Pac-12,4,8,12
2016,Purdue,Big Ten,3,9,12
2016,SMU,American Athletic,5,7,12
2016,Southern Miss,Conference USA,7,6,13
2016,South Carolina,SEC,6,7,13
2016,TCU,Big 12,6,7,13
2016,Tennessee,SEC,9,4,13
2016,UTSA,Conference USA,6,7,13
2016,UTEP,Conference USA,4,8,12
2016,Texas Tech,Big 12,5,7,12
2016,Toledo,Mid-American,9,4,13
2016,Troy,Sun Belt,10,3,13
2016,Tulane,American Athletic,4,8,12
2016,Western Michigan,Mid-American,13,1,14
2016,Wyoming,Mountain West,8,6,14
2017,Auburn,SEC,10,4,14
2017,UAB,Conference USA,8,5,13
2017,South Alabama,Sun Belt,4,8,12
2017,Arkansas,SEC,4,8,12
2017,Arizona State,Pac-12,7,6,13
2017,Arizona,Pac-12,7,6,13
2017,San Diego State,Mountain West,10,3,13
2017,San José State,Mountain West,2,11,13
2017,Stanford,Pac-12,9,5,14
2017,California,Pac-12,5,7,12
2017,UCLA,Pac-12,6,7,13
2017,USC,Pac-12,11,3,14
2017,Colorado State,Mountain West,7,6,13
2017,Colorado,Pac-12,5,7,12
2017,UConn,American Athletic,3,9,12
2017,Florida State,ACC,7,6,13
2017,Florida,SEC,4,7,11
2017,South Florida,American Athletic,10,2,12
2017,Georgia Tech,ACC,5,6,11
2017,Georgia,SEC,13,2,15
2017,Hawai'i,Mountain West,3,9,12
2017,Iowa State,Big 12,8,5,13
2017,Boise State,Mountain West,11,3,14
2017,Idaho,Sun Belt,4,8,12
2017,Northwestern,Big Ten,10,3,13
2017,Indiana,Big Ten,5,7,12
2017,Notre Dame,FBS Independents,10,3,13
2017,Kentucky,SEC,7,6,13
2017,Louisville,ACC,8,5,13
2017,Western Kentucky,Conference USA,6,7,13
2017,LSU,SEC,9,4,13
2017,Boston College,ACC,7,6,13
2017,Massachusetts,FBS Independents,4,8,12
2017,Maryland,Big Ten,4,8,12
2017,Michigan State,Big Ten,10,3,13
2017,Michigan,Big Ten,8,5,13
2017,Minnesota,Big Ten,5,7,12
2017,Missouri,SEC,7,6,13
2017,Ole Miss,SEC,6,6,12
2017,Duke,ACC,7,6,13
2017,East Carolina,American Athletic,3,9,12
2017,NC State,ACC,9,4,13
2017,North Carolina,ACC,3,9,12
2017,Wake Forest,ACC,8,5,13
2017,Nebraska,Big Ten,4,8,12
2017,Rutgers,Big Ten,4,8,12
2017,New Mexico State,Sun Belt,7,6,13
2017,New Mexico,Mountain West,3,9,12
2017,Syracuse,ACC,4,8,12
2017,Bowling Green,Mid-American,2,10,12
2017,Miami (OH),Mid-American,5,7,12
2017,Ohio State,Big Ten,12,2,14
2017,Ohio,Mid-American,9,4,13
2017,Oklahoma State,Big 12,10,3,13
2017,Oklahoma,Big 12,12,2,14
2017,Tulsa,American Athletic,2,10,12
2017,Oregon State,Pac-12,1,11,12
2017,Penn State,Big Ten,11,2,13
2017,Temple,American Athletic,7,6,13
2017,Pittsburgh,ACC,5,7,12
2017,Clemson,ACC,12,2,14
2017,Memphis,American Athletic,10,3,13
2017,Vanderbilt,SEC,5,7,12
2017,Baylor,Big 12,1,11,12
2017,Rice,Conference USA,1,11,12
2017,Texas A&M,SEC,7,6,13
2017,Houston,American Athletic,7,5,12
2017,North Texas,Conference USA,9,5,14
2017,Texas,Big 12,7,6,13
2017,BYU,FBS Independents,4,9,13
2017,Utah,Pac-12,7,6,13
2017,Virginia,ACC,6,7,13
2017,Virginia Tech,ACC,9,4,13
2017,Washington,Pac-12,10,3,13
2017,Washington State,Pac-12,9,4,13
2017,Wisconsin,Big Ten,13,1,14
2017,Marshall,Conference USA,8,5,13
2017,West Virginia,Big 12,7,6,13
2017,Fresno State,Mountain West,10,4,14
2017,Georgia Southern,Sun Belt,2,10,12
2017,Old Dominion,Conference USA,5,7,12
2017,Louisiana,Sun Belt,5,7,12
2017,Coastal Carolina,Sun Belt,3,9,12
2017,Texas State,Sun Belt,2,10,12
2017,Utah State,Mountain West,6,7,13
2017,Alabama,SEC,13,1,14
2017,Mississippi State,SEC,9,4,13
2017,Army,FBS Independents,10,3,13
2017,Illinois,Big Ten,2,10,12
2017,Air Force,Mountain West,5,7,12
2017,Akron,Mid-American,7,7,14
2017,App State,Sun Belt,9,4,13
2017,Arkansas State,Sun Belt,7,5,12
2017,Ball State,Mid-American,2,10,12
2017,Buffalo,Mid-American,6,6,12
2017,UCF,American Athletic,13,0,13
2017,Central Michigan,Mid-American,8,5,13
2017,Cincinnati,American Athletic,4,8,12
2017,Eastern Michigan,Mid-American,5,7,12
2017,Florida Atlantic,Conference USA,11,3,14
2017,Florida International,Conference USA,8,5,13
2017,Georgia State,Sun Belt,7,5,12
2017,Iowa,Big Ten,8,5,13
2017,Kansas,Big 12,1,11,12
2017,Kansas State,Big 12,8,5,13
2017,Kent State,Mid-American,2,10,12
2017,Louisiana Tech,Conference USA,7,6,13
2017,Miami,ACC,10,3,13
2017,Middle Tennessee,Conference USA,7,6,13
2017,Navy,American Athletic,7,6,13
2017,Charlotte,Conference USA,1,11,12
2017,UL Monroe,Sun Belt,4,8,12
2017,UNLV,Mountain West,5,7,12
2017,Nevada,Mountain West,3,9,12
2017,Northern Illinois,Mid-American,8,5,13
2017,Oregon,Pac-12,7,6,13
2017,Purdue,Big Ten,7,6,13
2017,SMU,American Athletic,7,6,13
2017,Southern Miss,Conference USA,8,5,13
2017,South Carolina,SEC,9,4,13
2017,TCU,Big 12,11,3,14
2017,Tennessee,SEC,4,8,12
2017,UTSA,Conference USA,6,5,11
2017,UTEP,Conference USA,0,12,12
2017,Texas Tech,Big 12,6,7,13
2017,Toledo,Mid-American,11,3,14
2017,Troy,Sun Belt,11,2,13
2017,Tulane,American Athletic,5,7,12
2017,Western Michigan,Mid-American,6,6,12
2017,Wyoming,Mountain West,8,5,13
2018,Auburn,SEC,8,5,13
2018,UAB,Conference USA,11,3,14
2018,South Alabama,Sun Belt,3,9,12
2018,Arkansas,SEC,2,10,12
2018,Arizona State,Pac-12,7,6,13
2018,Arizona,Pac-12,5,7,12
2018,San Diego State,Mountain West,7,6,13
2018,San José State,Mountain West,1,11,12
2018,Stanford,Pac-12,9,4,13
2018,California,Pac-12,7,6,13
2018,UCLA,Pac-12,3,9,12
2018,USC,Pac-12,5,7,12
2018,Colorado State,Mountain West,3,9,12
2018,Colorado,Pac-12,5,7,12
2018,UConn,American Athletic,1,11,12
2018,Florida State,ACC,5,7,12
2018,Florida,SEC,10,3,13
2018,South Florida,American Athletic,7,6,13
2018,Georgia Tech,ACC,7,6,13
2018,Georgia,SEC,11,3,14
2018,Hawai'i,Mountain West,8,6,14
2018,Iowa State,Big 12,8,5,13
2018,Boise State,Mountain West,10,3,13
2018,Northwestern,Big Ten,9,5,14
2018,Indiana,Big Ten,5,7,12
2018,Notre Dame,FBS Independents,12,1,13
2018,Kentucky,SEC,10,3,13
2018,Louisville,ACC,2,10,12
2018,Western Kentucky,Conference USA,3,9,12
2018,LSU,SEC,10,3,13
2018,Boston College,ACC,7,5,12
2018,Massachusetts,FBS Independents,4,8,12
2018,Maryland,Big Ten,5,7,12
2018,Michigan State,Big Ten,7,6,13
2018,Michigan,Big Ten,10,3,13
2018,Minnesota,Big Ten,7,6,13
2018,Missouri,SEC,8,5,13
2018,Ole Miss,SEC,5,7,12
2018,Duke,ACC,8,5,13
2018,East Carolina,American Athletic,3,9,12
2018,NC State,ACC,9,4,13
2018,North Carolina,ACC,2,9,11
2018,Wake Forest,ACC,7,6,13
2018,Nebraska,Big Ten,4,8,12
2018,Rutgers,Big Ten,1,11,12
2018,New Mexico State,FBS Independents,3,9,12
2018,New Mexico,Mountain West,3,9,12
2018,Syracuse,ACC,10,3,13
2018,Bowling Green,Mid-American,3,9,12
2018,Miami (OH),Mid-American,6,6,12
2018,Ohio State,Big Ten,13,1,14
2018,Ohio,Mid-American,9,4,13
2018,Oklahoma State,Big 12,7,6,13
2018,Oklahoma,Big 12,12,2,14
2018,Tulsa,American Athletic,3,9,12
2018,Oregon State,Pac-12,2,10,12
2018,Penn State,Big Ten,9,4,13
2018,Temple,American Athletic,8,5,13
2018,Pittsburgh,ACC,7,7,14
2018,Clemson,ACC,15,0,15
2018,Memphis,American Athletic,8,6,14
2018,Vanderbilt,SEC,6,7,13
2018,Baylor,Big 12,7,6,13
2018,Rice,Conference USA,2,11,13
2018,Texas A&M,SEC,9,4,13
2018,Houston,American Athletic,8,5,13
2018,North Texas,Conference USA,9,4,13
2018,Texas,Big 12,10,4,14
2018,BYU,FBS Independents,7,6,13
2018,Utah,Pac-12,9,5,14
2018,Virginia,ACC,8,5,13
2018,Virginia Tech,ACC,6,7,13
2018,Washington,Pac-12,10,4,14
2018,Washington State,Pac-12,11,2,13
2018,Wisconsin,Big Ten,8,5,13
2018,Marshall,Conference USA,9,4,13
2018,West Virginia,Big 12,8,4,12
2018,Fresno State,Mountain West,12,2,14
2018,Georgia Southern,Sun Belt,10,3,13
2018,Old Dominion,Conference USA,4,8,12
2018,Louisiana,Sun Belt,7,7,14
2018,Coastal Carolina,Sun Belt,5,7,12
2018,Texas State,Sun Belt,3,9,12
2018,Utah State,Mountain West,11,2,13
2018,Alabama,SEC,14,1,15
2018,Mississippi State,SEC,8,5,13
2018,Army,FBS Independents,11,2,13
2018,Illinois,Big Ten,4,8,12
2018,Air Force,Mountain West,5,7,12
2018,Akron,Mid-American,4,8,12
2018,App State,Sun Belt,11,2,13
2018,Arkansas State,Sun Belt,8,5,13
2018,Ball State,Mid-American,4,8,12
2018,Buffalo,Mid-American,10,4,14
2018,UCF,American Athletic,12,1,13
2018,Central Michigan,Mid-American,1,11,12
2018,Cincinnati,American Athletic,11,2,13
2018,Eastern Michigan,Mid-American,7,6,13
2018,Florida Atlantic,Conference USA,5,7,12
2018,Florida International,Conference USA,9,4,13
2018,Georgia State,Sun Belt,2,10,12
2018,Iowa,Big Ten,9,4,13
2018,Kansas,Big 12,3,9,12
2018,Kansas State,Big 12,5,7,12
2018,Kent State,Mid-American,2,10,12
2018,Liberty,FBS Independents,6,6,12
2018,Louisiana Tech,Conference USA,8,5,13
2018,Miami,ACC,7,6,13
2018,Middle Tennessee,Conference USA,8,6,14
2018,Navy,American Athletic,3,10,13
2018,Charlotte,Conference USA,5,7,12
2018,UL Monroe,Sun Belt,6,6,12
2018,UNLV,Mountain West,4,8,12
2018,Nevada,Mountain West,8,5,13
2018,Northern Illinois,Mid-American,8,6,14
2018,Oregon,Pac-12,9,4,13
2018,Purdue,Big Ten,6,7,13
2018,SMU,American Athletic,5,7,12
2018,Southern Miss,Conference USA,6,5,11
2018,South Carolina,SEC,7,6,13
2018,TCU,Big 12,7,6,13
2018,Tennessee,SEC,5,7,12
2018,UTSA,Conference USA,3,9,12
2018,UTEP,Conference USA,1,11,12
2018,Texas Tech,Big 12,5,7,12
2018,Toledo,Mid-American,7,6,13
2018,Troy,Sun Belt,10,3,13
2018,Tulane,American Athletic,7,6,13
2018,Western Michigan,Mid-American,7,6,13
2018,Wyoming,Mountain West,6,6,12
2019,Auburn,SEC,9,4,13
2019,UAB,Conference USA,9,5,14
2019,South Alabama,Sun Belt,2,10,12
2019,Arkansas,SEC,2,10,12
2019,Arizona State,Pac-12,8,5,13
2019,Arizona,Pac-12,4,8,12
2019,San Diego State,Mountain West,10,3,13
2019,San José State,Mountain West,5,7,12
2019,Stanford,Pac-12,4,8,12
2019,California,Pac-12,8,5,13
2019,UCLA,Pac-12,4,8,12
2019,USC,Pac-12,8,5,13
2019,Colorado State,Mountain West,4,8,12
2019,Colorado,Pac-12,5,7,12
2019,UConn,American Athletic,2,10,12
2019,Florida State,ACC,6,7,13
2019,Florida,SEC,11,2,13
2019,South Florida,American Athletic,4,8,12
2019,Georgia Tech,ACC,3,9,12
2019,Georgia,SEC,12,2,14
2019,Hawai'i,Mountain West,10,5,15
2019,Iowa State,Big 12,7,6,13
2019,Boise State,Mountain West,12,2,14
2019,Northwestern,Big Ten,3,9,12
2019,Indiana,Big Ten,8,5,13
2019,Notre Dame,FBS Independents,11,2,13
2019,Kentucky,SEC,8,5,13
2019,Louisville,ACC,8,5,13
2019,Western Kentucky,Conference USA,9,4,13
2019,LSU,SEC,15,0,15
2019,Boston College,ACC,6,7,13
2019,Massachusetts,FBS Independents,1,11,12
2019,Maryland,Big Ten,3,9,12
2019,Michigan State,Big Ten,7,6,13
2019,Michigan,Big Ten,9,4,13
2019,Minnesota,Big Ten,11,2,13
2019,Missouri,SEC,6,6,12
2019,Ole Miss,SEC,4,8,12
2019,Duke,ACC,5,7,12
2019,East Carolina,American Athletic,4,8,12
2019,NC State,ACC,4,8,12
2019,North Carolina,ACC,7,6,13
2019,Wake Forest,ACC,8,5,13
2019,Nebraska,Big Ten,5,7,12
2019,Rutgers,Big Ten,2,10,12
2019,New Mexico State,FBS Independents,2,10,12
2019,New Mexico,Mountain West,2,10,12
2019,Syracuse,ACC,5,7,12
2019,Bowling Green,Mid-American,3,9,12
2019,Miami (OH),Mid-American,8,6,14
2019,Ohio State,Big Ten,13,1,14
2019,Ohio,Mid-American,7,6,13
2019,Oklahoma State,Big 12,8,5,13
2019,Oklahoma,Big 12,12,2,14
2019,Tulsa,American Athletic,4,8,12
2019,Oregon State,Pac-12,5,7,12
2019,Penn State,Big Ten,11,2,13
2019,Temple,American Athletic,8,5,13
2019,Pittsburgh,ACC,8,5,13
2019,Clemson,ACC,14,1,15
2019,Memphis,American Athletic,12,2,14
2019,Vanderbilt,SEC,3,9,12
2019,Baylor,Big 12,11,3,14
2019,Rice,Conference USA,3,9,12
2019,Texas A&M,SEC,8,5,13
2019,Houston,American Athletic,4,8,12
2019,North Texas,Conference USA,4,8,12
2019,Texas,Big 12,8,5,13
2019,BYU,FBS Independents,7,6,13
2019,Utah,Pac-12,11,3,14
2019,Virginia,ACC,9,5,14
2019,Virginia Tech,ACC,8,5,13
2019,Washington,Pac-12,8,5,13
2019,Washington State,Pac-12,6,7,13
2019,Wisconsin,Big Ten,10,4,14
2019,Marshall,Conference USA,8,5,13
2019,West Virginia,Big 12,5,7,12
2019,Fresno State,Mountain West,4,8,12
2019,Georgia Southern,Sun Belt,7,6,13
2019,Old Dominion,Conference USA,1,11,12
2019,Louisiana,Sun Belt,11,3,14
2019,Coastal Carolina,Sun Belt,5,7,12
2019,Texas State,Sun Belt,3,9,12
2019,Utah State,Mountain West,7,6,13
2019,Alabama,SEC,11,2,13
2019,Mississippi State,SEC,6,7,13
2019,Army,FBS Independents,5,8,13
2019,Illinois,Big Ten,6,7,13
2019,Air Force,Mountain West,11,2,13
2019,Akron,Mid-American,0,12,12
2019,App State,Sun Belt,13,1,14
2019,Arkansas State,Sun Belt,8,5,13
2019,Ball State,Mid-American,5,7,12
2019,Buffalo,Mid-American,8,5,13
2019,UCF,American Athletic,10,3,13
2019,Central Michigan,Mid-American,8,6,14
2019,Cincinnati,American Athletic,11,3,14
2019,Eastern Michigan,Mid-American,6,7,13
2019,Florida Atlantic,Conference USA,11,3,14
2019,Florida International,Conference USA,6,7,13
2019,Georgia State,Sun Belt,7,6,13
2019,Iowa,Big Ten,10,3,13
2019,Kansas,Big 12,3,9,12
2019,Kansas State,Big 12,8,5,13
2019,Kent State,Mid-American,7,6,13
2019,Liberty,FBS Independents,8,5,13
2019,Louisiana Tech,Conference USA,10,3,13
2019,Miami,ACC,6,7,13
2019,Middle Tennessee,Conference USA,4,8,12
2019,Navy,American Athletic,11,2,13
2019,Charlotte,Conference USA,7,6,13
2019,UL Monroe,Sun Belt,5,7,12
2019,UNLV,Mountain West,4,8,12
2019,Nevada,Mountain West,7,6,13
2019,Northern Illinois,Mid-American,5,7,12
2019,Oregon,Pac-12,12,2,14
2019,Purdue,Big Ten,4,8,12
2019,SMU,American Athletic,10,3,13
2019,Southern Miss,Conference USA,7,6,13
2019,South Carolina,SEC,4,8,12
2019,TCU,Big 12,5,7,12
2019,Tennessee,SEC,8,5,13
2019,UTSA,Conference USA,4,8,12
2019,UTEP,Conference USA,1,11,12
2019,Texas Tech,Big 12,4,8,12
2019,Toledo,Mid-American,6,6,12
2019,Troy,Sun Belt,5,7,12
2019,Tulane,American Athletic,7,6,13
2019,Western Michigan,Mid-American,7,6,13
2019,Wyoming,Mountain West,8,5,13
2020,Auburn,SEC,6,5,11
2020,UAB,Conference USA,6,3,9
2020,South Alabama,Sun Belt,4,7,11
2020,Arkansas,SEC,3,7,10
2020,Arizona State,Pac-12,2,2,4
2020,Arizona,Pac-12,0,5,5
2020,San Diego State,Mountain West,4,4,8
2020,San José State,Mountain West,7,1,8
2020,Stanford,Pac-12,4,2,6
2020,California,Pac-12,1,3,4
2020,UCLA,Pac-12,3,4,7
2020,USC,Pac-12,5,1,6
2020,Colorado State,Mountain West,1,3,4
2020,Colorado,Pac-12,4,2,6
2020,Florida State,ACC,3,6,9
2020,Florida,SEC,8,4,12
2020,South Florida,American Athletic,1,8,9
2020,Georgia Tech,ACC,3,7,10
2020,Georgia,SEC,8,2,10
2020,Hawai'i,Mountain West,5,4,9
2020,Iowa State,Big 12,9,3,12
2020,Boise State,Mountain West,5,2,7
2020,Northwestern,Big Ten,7,2,9
2020,Indiana,Big Ten,6,2,8
2020,Notre Dame,FBS Independents,10,2,12
2020,Kentucky,SEC,5,6,11
2020,Louisville,ACC,4,7,11
2020,Western Kentucky,Conference USA,5,7,12
2020,LSU,SEC,5,5,10
2020,Boston College,ACC,6,5,11
2020,Massachusetts,FBS Independents,0,4,4
2020,Maryland,Big Ten,2,3,5
2020,Michigan State,Big Ten,2,5,7
2020,Michigan,Big Ten,2,4,6
2020,Minnesota,Big Ten,3,4,7
2020,Missouri,SEC,5,5,10
2020,Ole Miss,SEC,5,5,10
2020,Duke,ACC,2,9,11
2020,East Carolina,American Athletic,3,6,9
2020,NC State,ACC,8,4,12
2020,North Carolina,ACC,8,4,12
2020,Wake Forest,ACC,4,5,9
2020,Nebraska,Big Ten,3,5,8
2020,Rutgers,Big Ten,3,6,9
2020,New Mexico State,FBS Independents,1,1,2
2020,New Mexico,Mountain West,2,5,7
2020,Syracuse,ACC,1,10,11
2020,Bowling Green,Mid-American,0,5,5
2020,Miami (OH),Mid-American,2,1,3
2020,Ohio State,Big Ten,7,1,8
2020,Ohio,Mid-American,2,1,3
2020,Oklahoma State,Big 12,8,3,11
2020,Oklahoma,Big 12,9,2,11
2020,Tulsa,American Athletic,6,3,9
2020,Oregon State,Pac-12,2,5,7
2020,Penn State,Big Ten,4,5,9
2020,Temple,American Athletic,1,6,7
2020,Pittsburgh,ACC,6,5,11
2020,Clemson,ACC,10,2,12
2020,Memphis,American Athletic,8,3,11
2020,Vanderbilt,SEC,0,9,9
2020,Baylor,Big 12,2,7,9
2020,Rice,Conference USA,2,3,5
2020,Texas A&M,SEC,9,1,10
2020,Houston,American Athletic,3,5,8
2020,North Texas,Conference USA,4,6,10
2020,Texas,Big 12,7,3,10
2020,BYU,FBS Independents,11,1,12
2020,Utah,Pac-12,3,2,5
2020,Virginia,ACC,5,5,10
2020,Virginia Tech,ACC,5,6,11
2020,Washington,Pac-12,3,1,4
2020,Washington State,Pac-12,1,3,4
2020,Wisconsin,Big Ten,4,3,7
2020,Marshall,Conference USA,7,3,10
2020,West Virginia,Big 12,6,4,10
2020,Fresno State,Mountain West,3,3,6
2020,Georgia Southern,Sun Belt,8,5,13
2020,Louisiana,Sun Belt,10,1,11
2020,Coastal Carolina,Sun Belt,11,1,12
2020,Texas State,Sun Belt,2,10,12
2020,Utah State,Mountain West,1,5,6
2020,Alabama,SEC,13,0,13
2020,Mississippi State,SEC,4,7,11
2020,Army,FBS Independents,9,3,12
2020,Illinois,Big Ten,2,6,8
2020,Air Force,Mountain West,3,3,6
2020,Akron,Mid-American,1,5,6
2020,App State,Sun Belt,9,3,12
2020,Arkansas State,Sun Belt,4,7,11
2020,Ball State,Mid-American,7,1,8
2020,Buffalo,Mid-American,6,1,7
2020,UCF,American Athletic,6,4,10
2020,Central Michigan,Mid-American,3,3,6
2020,Cincinnati,American Athletic,9,1,10
2020,Eastern Michigan,Mid-American,2,4,6
2020,Florida Atlantic,Conference USA,5,4,9
2020,Florida International,Conference USA,0,5,5
2020,Georgia State,Sun Belt,6,4,10
2020,Iowa,Big Ten,6,2,8
2020,Kansas,Big 12,0,9,9
2020,Kansas State,Big 12,4,6,10
2020,Kent State,Mid-American,3,1,4
2020,Liberty,FBS Independents,10,1,11
2020,Louisiana Tech,Conference USA,5,5,10
2020,Miami,ACC,8,3,11
2020,Middle Tennessee,Conference USA,3,6,9
2020,Navy,American Athletic,3,7,10
2020,Charlotte,Conference USA,2,4,6
2020,UL Monroe,Sun Belt,0,10,10
2020,UNLV,Mountain West,0,6,6
2020,Nevada,Mountain West,7,2,9
2020,Northern Illinois,Mid-American,0,6,6
2020,Oregon,Pac-12,4,3,7
2020,Purdue,Big Ten,2,4,6
2020,SMU,American Athletic,7,3,10
2020,Southern Miss,Conference USA,3,7,10
2020,South Carolina,SEC,2,8,10
2020,TCU,Big 12,6,4,10
2020,Tennessee,SEC,3,7,10
2020,UTSA,Conference USA,7,5,12
2020,UTEP,Conference USA,3,5,8
2020,Texas Tech,Big 12,4,6,10
2020,Toledo,Mid-American,4,2,6
2020,Troy,Sun Belt,5,6,11
2020,Tulane,American Athletic,6,6,12
2020,Western Michigan,Mid-American,4,2,6
2020,Wyoming,Mountain West,2,4,6
2021,Auburn,SEC,6,7,13
2021,UAB,Conference USA,9,4,13
2021,South Alabama,Sun Belt,5,7,12
2021,Arkansas,SEC,9,4,13
2021,Arizona State,Pac-12,8,5,13
2021,Arizona,Pac-12,1,11,12
2021,San Diego State,Mountain West,12,2,14
2021,San José State,Mountain West,5,7,12
2021,Stanford,Pac-12,3,9,12
2021,California,Pac-12,5,7,12
2021,UCLA,Pac-12,8,4,12
2021,USC,Pac-12,4,8,12
2021,Colorado State,Mountain West,3,9,12
2021,Colorado,Pac-12,4,8,12
2021,UConn,FBS Independents,1,11,12
2021,Florida State,ACC,5,7,12
2021,Florida,SEC,6,7,13
2021,South Florida,American Athletic,2,10,12
2021,Georgia Tech,ACC,3,9,12
2021,Georgia,SEC,14,1,15
2021,Hawai'i,Mountain West,6,7,13
2021,Iowa State,Big 12,7,6,13
2021,Boise State,Mountain West,7,5,12
2021,Northwestern,Big Ten,3,9,12
2021,Indiana,Big Ten,2,10,12
2021,Notre Dame,FBS Independents,11,2,13
2021,Kentucky,SEC,10,3,13
2021,Louisville,ACC,6,7,13
2021,Western Kentucky,Conference USA,9,5,14
2021,LSU,SEC,6,7,13
2021,Boston College,ACC,6,6,12
2021,Massachusetts,FBS Independents,1,11,12
2021,Maryland,Big Ten,7,6,13
2021,Michigan State,Big Ten,11,2,13
2021,Michigan,Big Ten,12,2,14
2021,Minnesota,Big Ten,9,4,13
2021,Missouri,SEC,6,7,13
2021,Ole Miss,SEC,10,3,13
2021,Duke,ACC,3,9,12
2021,East Carolina,American Athletic,7,5,12
2021,NC State,ACC,9,3,12
2021,North Carolina,ACC,6,7,13
2021,Wake Forest,ACC,11,3,14
2021,Nebraska,Big Ten,3,9,12
2021,Rutgers,Big Ten,5,8,13
2021,New Mexico State,FBS Independents,2,10,12
2021,New Mexico,Mountain West,3,9,12
2021,Syracuse,ACC,5,7,12
2021,Bowling Green,Mid-American,4,8,12
2021,Miami (OH),Mid-American,7,6,13
2021,Ohio State,Big Ten,11,2,13
2021,Ohio,Mid-American,3,9,12
2021,Oklahoma State,Big 12,12,2,14
2021,Oklahoma,Big 12,11,2,13
2021,Tulsa,American Athletic,7,6,13
2021,Oregon State,Pac-12,7,6,13
2021,Penn State,Big Ten,7,6,13
2021,Temple,American Athletic,3,9,12
2021,Pittsburgh,ACC,11,3,14
2021,Clemson,ACC,10,3,13
2021,Memphis,American Athletic,6,6,12
2021,Vanderbilt,SEC,2,10,12
2021,Baylor,Big 12,12,2,14
2021,Rice,Conference USA,4,8,12
2021,Texas A&M,SEC,8,4,12
2021,Houston,American Athletic,12,2,14
2021,North Texas,Conference USA,6,7,13
2021,Texas,Big 12,5,7,12
2021,BYU,FBS Independents,10,3,13
2021,Utah,Pac-12,10,4,14
2021,Virginia,ACC,6,6,12
2021,Virginia Tech,ACC,6,7,13
2021,Washington,Pac-12,4,8,12
2021,Washington State,Pac-12,7,6,13
2021,Wisconsin,Big Ten,9,4,13
2021,Marshall,Conference USA,7,6,13
2021,West Virginia,Big 12,6,7,13
2021,Fresno State,Mountain West,10,3,13
2021,Georgia Southern,Sun Belt,3,9,12
2021,Old Dominion,Conference USA,6,7,13
2021,Louisiana,Sun Belt,13,1,14
2021,Coastal Carolina,Sun Belt,11,2,13
2021,Texas State,Sun Belt,4,8,12
2021,Utah State,Mountain West,11,3,14
2021,Alabama,SEC,13,2,15
2021,Mississippi State,SEC,7,6,13
2021,Army,FBS Independents,9,4,13
2021,Illinois,Big Ten,5,7,12
2021,Air Force,Mountain West,10,3,13
2021,Akron,Mid-American,2,10,12
2021,App State,Sun Belt,10,4,14
2021,Arkansas State,Sun Belt,2,10,12
2021,Ball State,Mid-American,6,7,13
2021,Buffalo,Mid-American,4,8,12
2021,UCF,American Athletic,9,4,13
2021,Central Michigan,Mid-American,9,4,13
2021,Cincinnati,American Athletic,13,1,14
2021,Eastern Michigan,Mid-American,7,6,13
2021,Florida Atlantic,Conference USA,5,7,12
2021,Florida International,Conference USA,1,11,12
2021,Georgia State,Sun Belt,8,5,13
2021,Iowa,Big Ten,10,4,14
2021,Kansas,Big 12,2,10,12
2021,Kansas State,Big 12,8,5,13
2021,Kent State,Mid-American,7,7,14
2021,Liberty,FBS Independents,8,5,13
2021,Louisiana Tech,Conference USA,3,9,12
2021,Miami,ACC,7,5,12
2021,Middle Tennessee,Conference USA,7,6,13
2021,Navy,American Athletic,4,8,12
2021,Charlotte,Conference USA,5,7,12
2021,UL Monroe,Sun Belt,4,8,12
2021,UNLV,Mountain West,2,10,12
2021,Nevada,Mountain West,8,5,13
2021,Northern Illinois,Mid-American,9,5,14
2021,Oregon,Pac-12,10,4,14
2021,Purdue,Big Ten,9,4,13
2021,SMU,American Athletic,8,4,12
2021,Southern Miss,Conference USA,3,9,12
2021,South Carolina,SEC,7,6,13
2021,TCU,Big 12,5,7,12
2021,Tennessee,SEC,7,6,13
2021,UTSA,Conference USA,12,2,14
2021,UTEP,Conference USA,7,6,13
2021,Texas Tech,Big 12,7,6,13
2021,Toledo,Mid-American,7,6,13
2021,Troy,Sun Belt,5,7,12
2021,Tulane,American Athletic,2,10,12
2021,Western Michigan,Mid-American,8,5,13
2021,Wyoming,Mountain West,7,6,13
2022,Kent State,Mid-American,5,7,12
2022,Eastern Michigan,Mid-American,9,4,13
2022,UL Monroe,Sun Belt,4,8,12
2022,Colorado,Pac-12,1,11,12
2022,Toledo,Mid-American,9,5,14
2022,Texas A&M,SEC,5,7,12
2022,Utah,Pac-12,10,4,14
2022,Maryland,Big Ten,8,5,13
2022,Georgia Tech,ACC,5,7,12
2022,Ole Miss,SEC,8,5,13
2022,Coastal Carolina,Sun Belt,9,4,13
2022,Washington State,Pac-12,7,6,13
2022,Rutgers,Big Ten,4,8,12
2022,Georgia,SEC,15,0,15
2022,Minnesota,Big Ten,9,4,13
2022,BYU,FBS Independents,8,5,13
2022,Oregon,Pac-12,10,3,13
2022,Western Kentucky,Conference USA,9,5,14
2022,Middle Tennessee,Conference USA,8,5,13
2022,Louisville,ACC,8,5,13
2022,Wisconsin,Big Ten,7,6,13
2022,Miami,ACC,5,7,12
2022,Oklahoma State,Big 12,7,6,13
2022,South Alabama,Sun Belt,10,3,13
2022,Oklahoma,Big 12,6,7,13
2022,Temple,American Athletic,3,9,12
2022,Boise State,Mountain West,10,4,14
2022,Wyoming,Mountain West,7,6,13
2022,Navy,American Athletic,4,8,12
2022,Cincinnati,American Athletic,9,4,13
2022,Tulane,American Athletic,12,2,14
2022,North Texas,Conference USA,7,7,14
2022,Georgia Southern,Sun Belt,6,7,13
2022,New Mexico State,FBS Independents,7,6,13
2022,Louisiana,Sun Belt,6,7,13
2022,Bowling Green,Mid-American,6,7,13
2022,Notre Dame,FBS Independents,9,4,13
2022,LSU,SEC,10,4,14
2022,Missouri,SEC,6,7,13
2022,Memphis,American Athletic,7,6,13
2022,Florida,SEC,6,7,13
2022,San José State,Mountain West,7,5,12
2022,Northwestern,Big Ten,1,11,12
2022,Clemson,ACC,11,3,14
2022,Arkansas State,Sun Belt,3,9,12
2022,Florida Atlantic,Conference USA,5,7,12
2022,South Carolina,SEC,8,5,13
2022,Indiana,Big Ten,4,8,12
2022,San Diego State,Mountain West,7,6,13
2022,Florida International,Conference USA,4,8,12
2022,Kentucky,SEC,7,6,13
2022,Nebraska,Big Ten,4,8,12
2022,Troy,Sun Belt,12,2,14
2022,UAB,Conference USA,7,6,13
2022,Illinois,Big Ten,8,5,13
2022,Central Michigan,Mid-American,4,8,12
2022,Louisiana Tech,Conference USA,3,9,12
2022,UNLV,Mountain West,5,7,12
2022,Iowa State,Big 12,4,8,12
2022,Wake Forest,ACC,8,5,13
2022,Ohio State,Big Ten,11,2,13
2022,Auburn,SEC,5,7,12
2022,Ohio,Mid-American,10,4,14
2022,Purdue,Big Ten,8,6,14
2022,Tennessee,SEC,11,2,13
2022,UTEP,Conference USA,5,7,12
2022,Washington,Pac-12,11,2,13
2022,Army,FBS Independents,6,6,12
2022,Virginia Tech,ACC,3,8,11
2022,Boston College,ACC,3,9,12
2022,Hawai'i,Mountain West,3,10,13
2022,Syracuse,ACC,7,6,13
2022,Massachusetts,FBS Independents,1,11,12
2022,Kansas,Big 12,6,7,13
2022,Iowa,Big Ten,8,5,13
2022,Utah State,Mountain West,6,7,13
2022,Texas State,Sun Belt,4,8,12
2022,Southern Miss,Sun Belt,7,6,13
2022,Alabama,SEC,11,2,13
2022,Virginia,ACC,3,7,10
2022,North Carolina,ACC,9,5,14
2022,Oregon State,Pac-12,10,3,13
2022,Ball State,Mid-American,5,7,12
2022,Vanderbilt,SEC,5,7,12
2022,Tulsa,American Athletic,5,7,12
2022,UConn,FBS Independents,6,7,13
2022,South Florida,American Athletic,1,11,12
2022,Nevada,Mountain West,2,10,12
2022,Buffalo,Mid-American,7,6,13
2022,Colorado State,Mountain West,3,9,12
2022,USC,Pac-12,11,3,14
2022,App State,Sun Belt,6,6,12
2022,Houston,American Athletic,8,5,13
2022,West Virginia,Big 12,5,7,12
2022,Akron,Mid-American,2,10,12
2022,Charlotte,Conference USA,3,9,12
2022,Baylor,Big 12,6,7,13
2022,UCLA,Pac-12,9,4,13
2022,Rice,Conference USA,5,8,13
2022,TCU,Big 12,13,2,15
2022,UCF,American Athletic,9,5,14
2022,Mississippi State,SEC,9,4,13
2022,Texas,Big 12,8,5,13
2022,Michigan,Big Ten,13,1,14
2022,Kansas State,Big 12,10,4,14
2022,New Mexico,Mountain West,2,10,12
2022,Liberty,FBS Independents,8,5,13
2022,UTSA,Conference USA,11,3,14
2022,Old Dominion,Sun Belt,3,9,12
2022,Duke,ACC,9,4,13
2022,Marshall,Sun Belt,9,4,13
2022,Florida State,ACC,10,3,13
2022,Arizona,Pac-12,5,7,12
2022,Penn State,Big Ten,11,2,13
2022,Miami (OH),Mid-American,6,7,13
2022,Western Michigan,Mid-American,5,7,12
2022,Northern Illinois,Mid-American,3,9,12
2022,Michigan State,Big Ten,5,7,12
2022,SMU,American Athletic,7,6,13
2022,James Madison,Sun Belt,8,3,11
2022,Air Force,Mountain West,10,3,13
2022,Georgia State,Sun Belt,4,8,12
2022,Pittsburgh,ACC,9,4,13
2022,Fresno State,Mountain West,10,4,14
2022,NC State,ACC,8,5,13
2022,Stanford,Pac-12,3,9,12
2022,Arizona State,Pac-12,3,9,12
2022,California,Pac-12,4,8,12
2022,Arkansas,SEC,7,6,13
2022,East Carolina,American Athletic,8,5,13
2022,Texas Tech,Big 12,8,5,13
2023,BYU,Big 12,5,7,12
2023,Kent State,Mid-American,1,11,12
2023,Eastern Michigan,Mid-American,6,7,13
2023,UL Monroe,Sun Belt,2,10,12
2023,Colorado,Pac-12,4,8,12
2023,Toledo,Mid-American,11,3,14
2023,Texas A&M,SEC,7,6,13
2023,Utah,Pac-12,8,5,13
2023,Maryland,Big Ten,8,5,13
2023,Georgia Tech,ACC,7,6,13
2023,Ole Miss,SEC,11,2,13
2023,Coastal Carolina,Sun Belt,8,5,13
2023,Washington State,Pac-12,5,7,12
2023,Rutgers,Big Ten,7,6,13
2023,Georgia,SEC,13,1,14
2023,Minnesota,Big Ten,6,7,13
2023,New Mexico State,Conference USA,10,5,15
2023,Oregon,Pac-12,12,2,14
2023,Western Kentucky,Conference USA,8,5,13
2023,Middle Tennessee,Conference USA,4,8,12
2023,Louisville,ACC,10,4,14
2023,Wisconsin,Big Ten,7,6,13
2023,Miami,ACC,7,6,13
2023,Oklahoma State,Big 12,10,4,14
2023,South Alabama,Sun Belt,7,6,13
2023,Oklahoma,Big 12,10,3,13
2023,Temple,American Athletic,3,9,12
2023,Boise State,Mountain West,8,6,14
2023,North Texas,American Athletic,5,7,12
2023,Jacksonville State,Conference USA,9,4,13
2023,Wyoming,Mountain West,9,4,13
2023,Navy,American Athletic,5,7,12
2023,Tulane,American Athletic,11,3,14
2023,Georgia Southern,Sun Belt,6,7,13
2023,Louisiana,Sun Belt,6,7,13
2023,Bowling Green,Mid-American,7,6,13
2023,Notre Dame,FBS Independents,10,3,13
2023,LSU,SEC,10,3,13
2023,Missouri,SEC,11,2,13
2023,Memphis,American Athletic,10,3,13
2023,Florida,SEC,5,7,12
2023,San José State,Mountain West,7,6,13
2023,Northwestern,Big Ten,8,5,13
2023,Clemson,ACC,9,4,13
2023,Arkansas State,Sun Belt,6,7,13
2023,South Carolina,SEC,5,7,12
2023,Indiana,Big Ten,3,9,12
2023,San Diego State,Mountain West,4,8,12
2023,Florida International,Conference USA,4,8,12
2023,Kentucky,SEC,7,6,13
2023,Nebraska,Big Ten,5,7,12
2023,Troy,Sun Belt,11,3,14
2023,Illinois,Big Ten,5,7,12
2023,Central Michigan,Mid-American,5,7,12
2023,UCF,Big 12,6,7,13
2023,Louisiana Tech,Conference USA,3,9,12
2023,UNLV,Mountain West,9,5,14
2023,Iowa State,Big 12,7,6,13
2023,Wake Forest,ACC,4,8,12
2023,Ohio State,Big Ten,11,2,13
2023,Auburn,SEC,6,7,13
2023,Ohio,Mid-American,10,3,13
2023,Purdue,Big Ten,4,8,12
2023,Tennessee,SEC,9,4,13
2023,UTEP,Conference USA,3,9,12
2023,Washington,Pac-12,14,1,15
2023,Army,FBS Independents,6,6,12
2023,Houston,Big 12,4,8,12
2023,Virginia Tech,ACC,7,6,13
2023,Boston College,ACC,7,6,13
2023,Sam Houston,Conference USA,3,9,12
2023,Hawai'i,Mountain West,5,8,13
2023,Syracuse,ACC,6,7,13
2023,Massachusetts,FBS Independents,3,9,12
2023,Kansas,Big 12,9,4,13
2023,Iowa,Big Ten,10,4,14
2023,Utah State,Mountain West,6,7,13
2023,Cincinnati,Big 12,3,9,12
2023,Texas State,Sun Belt,8,5,13
2023,Southern Miss,Sun Belt,3,9,12
2023,Alabama,SEC,12,2,14
2023,UTSA,American Athletic,9,4,13
2023,Virginia,ACC,3,9,12
2023,North Carolina,ACC,8,5,13
2023,Oregon State,Pac-12,8,5,13
2023,Ball State,Mid-American,4,8,12
2023,Tulsa,American Athletic,4,8,12
2023,Vanderbilt,SEC,2,10,12
2023,UConn,FBS Independents,3,9,12
2023,South Florida,American Athletic,7,6,13
2023,Nevada,Mountain West,2,10,12
2023,Buffalo,Mid-American,3,9,12
2023,Colorado State,Mountain West,5,7,12
2023,USC,Pac-12,8,5,13
2023,App State,Sun Belt,9,5,14
2023,Charlotte,American Athletic,3,9,12
2023,West Virginia,Big 12,9,4,13
2023,Akron,Mid-American,2,10,12
2023,Baylor,Big 12,3,9,12
2023,UCLA,Pac-12,8,5,13
2023,TCU,Big 12,5,7,12
2023,Mississippi State,SEC,5,7,12
2023,Texas,Big 12,12,2,14
2023,Michigan,Big Ten,15,0,15
2023,Kansas State,Big 12,9,4,13
2023,New Mexico,Mountain West,4,8,12
2023,Florida Atlantic,American Athletic,4,8,12
2023,Old Dominion,Sun Belt,6,7,13
2023,Duke,ACC,8,5,13
2023,Marshall,Sun Belt,6,7,13
2023,Florida State,ACC,13,1,14
2023,Arizona,Pac-12,10,3,13
2023,Penn State,Big Ten,10,3,13
2023,Liberty,Conference USA,13,1,14
2023,Miami (OH),Mid-American,11,3,14
2023,Rice,American Athletic,6,7,13
2023,Western Michigan,Mid-American,4,8,12
2023,Northern Illinois,Mid-American,7,6,13
2023,Michigan State,Big Ten,4,8,12
2023,SMU,American Athletic,11,3,14
2023,James Madison,Sun Belt,11,2,13
2023,Air Force,Mountain West,9,4,13
2023,Georgia State,Sun Belt,7,6,13
2023,Pittsburgh,ACC,3,9,12
2023,Fresno State,Mountain West,9,4,13
2023,NC State,ACC,9,4,13
2023,Stanford,Pac-12,3,9,12
2023,Arizona State,Pac-12,3,9,12
2023,California,Pac-12,6,7,13
2023,UAB,American Athletic,4,8,12
2023,Arkansas,SEC,4,8,12
2023,East Carolina,American Athletic,2,10,12
2023,Texas Tech,Big 12,7,6,13
