year,team,conference,sp_rating,sp_ranking
2005,Texas,SEC,35.3,1.0
2005,USC,Big Ten,34.7,2.0
2005,Ohio State,Big Ten,31.2,3.0
2005,Penn State,Big Ten,29.3,4.0
2005,Miami,ACC,26.0,5.0
2005,Virginia Tech,ACC,25.5,6.0
2005,Texas Tech,Big 12,25.4,7.0
2005,Georgia,SEC,22.3,8.0
2005,Notre Dame,FBS Independents,21.8,9.0
2005,Iowa,Big Ten,20.9,10.0
2005,Auburn,SEC,20.7,11.0
2005,LSU,SEC,20.3,12.0
2005,Louisville,ACC,20.3,12.0
2005,Alabama,SEC,19.8,14.0
2005,Boston College,ACC,19.2,15.0
2005,Oklahoma,SEC,19.0,16.0
2005,California,ACC,18.4,17.0
2005,Oregon,Big Ten,18.1,18.0
2005,Michigan,Big Ten,18.1,18.0
2005,Minnesota,Big Ten,15.9,20.0
2005,West Virginia,Big 12,15.8,21.0
2005,Washington State,Pac-12,13.0,22.0
2005,Iowa State,Big 12,13.0,22.0
2005,Michigan State,Big Ten,12.9,24.0
2005,Clemson,ACC,12.9,24.0
2005,Arizona State,Big 12,12.5,26.0
2005,Tennessee,SEC,12.3,27.0
2005,Purdue,Big Ten,11.8,28.0
2005,Colorado,Big 12,11.7,29.0
2005,Wisconsin,Big Ten,11.1,30.0
2005,Fresno State,Pac-12,10.6,31.0
2005,Arkansas,SEC,10.6,31.0
2005,TCU,Big 12,10.5,33.0
2005,Nebraska,Big Ten,10.3,34.0
2005,NC State,ACC,9.4,35.0
2005,Maryland,Big Ten,9.0,36.0
2005,UCLA,Big Ten,8.7,37.0
2005,Kansas,Big 12,8.5,38.0
2005,Northwestern,Big Ten,8.0,39.0
2005,Toledo,Mid-American,7.6,40.0
2005,Texas A&M,SEC,7.3,41.0
2005,Utah,Big 12,7.2,42.0
2005,Georgia Tech,ACC,6.9,43.0
2005,Pittsburgh,ACC,6.8,44.0
2005,Florida,SEC,6.7,45.0
2005,South Carolina,SEC,6.3,46.0
2005,Kansas State,Big 12,6.1,47.0
2005,Northern Illinois,Mountain West,5.9,48.0
2005,Missouri,SEC,5.7,49.0
2005,Virginia,ACC,5.6,50.0
2005,Florida State,ACC,5.4,51.0
2005,Boise State,Pac-12,4.5,52.0
2005,Rutgers,Big Ten,4.0,53.0
2005,BYU,Big 12,2.8,54.0
2005,UTEP,Mountain West,2.4,55.0
2005,South Florida,American Athletic,2.3,56.0
2005,UAB,American Athletic,2.3,56.0
2005,Washington,Big Ten,1.9,58.0
2005,Oregon State,Pac-12,1.5,59.0
2005,Tulsa,American Athletic,1.5,59.0
2005,Arizona,Big 12,1.5,59.0
2005,UConn,FBS Independents,1.4,62.0
2005,Baylor,Big 12,1.2,63.0
2005,Oklahoma State,Big 12,1.1,64.0
2005,Southern Miss,Sun Belt,1.1,64.0
2005,Stanford,ACC,0.6,66.0
2005,Miami (OH),Mid-American,0.3,67.0
2005,New Mexico,Mountain West,0.2,68.0
2005,Bowling Green,Mid-American,-0.9,69.0
2005,Houston,Big 12,-1.0,70.0
2005,Navy,American Athletic,-2.1,71.0
2005,San Diego State,Pac-12,-2.4,72.0
2005,Hawai'i,Mountain West,-2.9,73.0
2005,Colorado State,Pac-12,-2.9,73.0
2005,Air Force,Mountain West,-3.4,75.0
2005,Memphis,American Athletic,-3.4,75.0
2005,North Carolina,ACC,-3.5,77.0
2005,Vanderbilt,SEC,-3.8,78.0
2005,Wake Forest,ACC,-3.9,79.0
2005,Wyoming,Mountain West,-4.0,80.0
2005,Ole Miss,SEC,-4.2,81.0
2005,East Carolina,American Athletic,-4.6,82.0
2005,Indiana,Big Ten,-4.7,83.0
2005,Akron,Mid-American,-5.8,84.0
2005,Louisiana Tech,Conference USA,-6.0,85.0
2005,Nevada,Mountain West,-6.5,86.0
2005,Mississippi State,SEC,-7.0,87.0
2005,Central Michigan,Mid-American,-8.1,88.0
2005,Illinois,Big Ten,-8.8,89.0
2005,Marshall,Sun Belt,-9.4,90.0
2005,Cincinnati,Big 12,-9.9,91.0
2005,Syracuse,ACC,-10.7,92.0
2005,UCF,Big 12,-11.7,93.0
2005,Kentucky,SEC,-12.5,94.0
2005,SMU,ACC,-13.0,95.0
2005,Western Michigan,Mid-American,-13.9,96.0
2005,San José State,Mountain West,-14.7,97.0
2005,Middle Tennessee,Conference USA,-15.3,98.0
2005,UNLV,Mountain West,-15.3,98.0
2005,Arkansas State,Sun Belt,-15.6,100.0
2005,Army,American Athletic,-16.3,101.0
2005,Tulane,American Athletic,-17.1,102.0
2005,Troy,Sun Belt,-17.2,103.0
2005,Louisiana,Sun Belt,-17.7,104.0
2005,Eastern Michigan,Mid-American,-18.5,105.0
2005,Ball State,Mid-American,-18.5,105.0
2005,Kent State,Mid-American,-19.0,107.0
2005,Duke,ACC,-20.2,108.0
2005,Ohio,Mid-American,-20.8,109.0
2005,Rice,American Athletic,-21.6,110.0
2005,UL Monroe,Sun Belt,-22.6,111.0
2005,Florida International,Conference USA,-23.5,112.0
2005,Utah State,Pac-12,-23.9,113.0
2005,Florida Atlantic,American Athletic,-24.9,114.0
2005,Buffalo,Mid-American,-28.6,115.0
2005,Temple,American Athletic,-29.1,116.0
2005,North Texas,American Athletic,-29.2,117.0
2005,New Mexico State,Conference USA,-29.2,117.0
2005,nationalAverages,,1.2974576271186442,
2006,LSU,SEC,31.6,1.0
2006,USC,Big Ten,30.3,2.0
2006,Louisville,ACC,27.3,3.0
2006,Ohio State,Big Ten,27.0,4.0
2006,Florida,SEC,26.5,5.0
2006,West Virginia,Big 12,25.4,6.0
2006,Oklahoma,SEC,23.5,7.0
2006,Michigan,Big Ten,22.6,8.0
2006,BYU,Big 12,21.9,9.0
2006,Texas,SEC,21.9,9.0
2006,Virginia Tech,ACC,21.0,11.0
2006,Arkansas,SEC,20.6,12.0
2006,Auburn,SEC,19.4,13.0
2006,Wisconsin,Big Ten,19.1,14.0
2006,South Carolina,SEC,19.1,14.0
2006,Tennessee,SEC,18.9,16.0
2006,Boise State,Pac-12,18.7,17.0
2006,Texas Tech,Big 12,17.9,18.0
2006,Georgia,SEC,17.8,19.0
2006,California,ACC,17.6,20.0
2006,TCU,Big 12,17.3,21.0
2006,Clemson,ACC,16.7,22.0
2006,Boston College,ACC,14.8,23.0
2006,Rutgers,Big Ten,14.8,23.0
2006,Nebraska,Big Ten,14.7,25.0
2006,Missouri,SEC,14.4,26.0
2006,Pittsburgh,ACC,14.4,26.0
2006,Miami,ACC,13.9,28.0
2006,Oklahoma State,Big 12,13.7,29.0
2006,Georgia Tech,ACC,13.5,30.0
2006,Iowa,Big Ten,13.4,31.0
2006,Arizona State,Big 12,13.3,32.0
2006,Hawai'i,Mountain West,13.1,33.0
2006,Penn State,Big Ten,12.7,34.0
2006,Utah,Big 12,12.0,35.0
2006,Florida State,ACC,11.9,36.0
2006,Notre Dame,FBS Independents,11.5,37.0
2006,Alabama,SEC,11.4,38.0
2006,Oregon State,Pac-12,11.3,39.0
2006,Oregon,Big Ten,11.2,40.0
2006,South Florida,American Athletic,10.7,41.0
2006,Texas A&M,SEC,10.1,42.0
2006,UCLA,Big Ten,8.8,43.0
2006,Cincinnati,Big 12,7.9,44.0
2006,Houston,Big 12,7.6,45.0
2006,Washington State,Pac-12,7.4,46.0
2006,Kansas,Big 12,6.9,47.0
2006,Wake Forest,ACC,6.5,48.0
2006,Kansas State,Big 12,5.8,49.0
2006,Virginia,ACC,4.6,50.0
2006,Maryland,Big Ten,4.6,50.0
2006,Purdue,Big Ten,4.4,52.0
2006,Minnesota,Big Ten,3.8,53.0
2006,Tulsa,American Athletic,2.1,54.0
2006,Vanderbilt,SEC,1.9,55.0
2006,Colorado,Big 12,1.8,56.0
2006,Kentucky,SEC,1.7,57.0
2006,Nevada,Mountain West,0.9,58.0
2006,Washington,Big Ten,0.3,59.0
2006,Wyoming,Mountain West,0.3,59.0
2006,NC State,ACC,0.2,61.0
2006,Southern Miss,Sun Belt,-0.3,62.0
2006,New Mexico,Mountain West,-0.5,63.0
2006,East Carolina,American Athletic,-0.9,64.0
2006,Arizona,Big 12,-1.0,65.0
2006,Michigan State,Big Ten,-1.3,66.0
2006,San José State,Mountain West,-1.8,67.0
2006,Navy,American Athletic,-1.9,68.0
2006,Northern Illinois,Mountain West,-2.5,69.0
2006,Illinois,Big Ten,-2.8,70.0
2006,UConn,FBS Independents,-2.9,71.0
2006,Ole Miss,SEC,-3.2,72.0
2006,Baylor,Big 12,-3.6,73.0
2006,Syracuse,ACC,-3.6,73.0
2006,Northwestern,Big Ten,-4.9,75.0
2006,Colorado State,Pac-12,-5.4,76.0
2006,Akron,Mid-American,-6.1,77.0
2006,Central Michigan,Mid-American,-6.1,77.0
2006,North Carolina,ACC,-6.2,79.0
2006,Kent State,Mid-American,-6.2,79.0
2006,UTEP,Mountain West,-6.2,79.0
2006,Iowa State,Big 12,-6.7,82.0
2006,Mississippi State,SEC,-6.7,82.0
2006,Western Michigan,Mid-American,-7.1,84.0
2006,Ball State,Mid-American,-7.5,85.0
2006,SMU,ACC,-7.7,86.0
2006,Marshall,Sun Belt,-7.9,87.0
2006,Fresno State,Pac-12,-8.1,88.0
2006,Air Force,Mountain West,-8.8,89.0
2006,Ohio,Mid-American,-9.5,90.0
2006,Toledo,Mid-American,-9.6,91.0
2006,Indiana,Big Ten,-9.9,92.0
2006,New Mexico State,Conference USA,-10.2,93.0
2006,UCF,Big 12,-10.3,94.0
2006,Rice,American Athletic,-10.5,95.0
2006,UAB,American Athletic,-11.3,96.0
2006,Troy,Sun Belt,-11.5,97.0
2006,Miami (OH),Mid-American,-13.0,98.0
2006,Memphis,American Athletic,-13.2,99.0
2006,San Diego State,Pac-12,-13.2,99.0
2006,Middle Tennessee,Conference USA,-13.5,101.0
2006,Bowling Green,Mid-American,-14.1,102.0
2006,Stanford,ACC,-14.1,102.0
2006,UNLV,Mountain West,-14.5,104.0
2006,UL Monroe,Sun Belt,-15.0,105.0
2006,Tulane,American Athletic,-15.0,105.0
2006,Louisiana,Sun Belt,-19.3,107.0
2006,Duke,ACC,-19.5,108.0
2006,Florida Atlantic,American Athletic,-19.6,109.0
2006,Arkansas State,Sun Belt,-21.8,110.0
2006,Eastern Michigan,Mid-American,-22.0,111.0
2006,Louisiana Tech,Conference USA,-22.2,112.0
2006,Idaho,Big Sky,-23.7,113.0
2006,Army,American Athletic,-24.3,114.0
2006,North Texas,American Athletic,-24.5,115.0
2006,Florida International,Conference USA,-29.7,116.0
2006,Buffalo,Mid-American,-30.3,117.0
2006,Utah State,Pac-12,-32.1,118.0
2006,Temple,American Athletic,-33.3,119.0
2006,nationalAverages,,1.3260504201680672,
2007,USC,Big Ten,32.0,1.0
2007,Oklahoma,SEC,30.9,2.0
2007,Ohio State,Big Ten,29.2,3.0
2007,LSU,SEC,28.9,4.0
2007,Florida,SEC,28.8,5.0
2007,West Virginia,Big 12,28.2,6.0
2007,Texas,SEC,25.8,7.0
2007,Texas Tech,Big 12,24.9,8.0
2007,Kansas,Big 12,24.9,8.0
2007,Georgia,SEC,23.6,10.0
2007,Oregon,Big Ten,23.1,11.0
2007,Missouri,SEC,21.4,12.0
2007,Auburn,SEC,20.7,13.0
2007,Penn State,Big Ten,20.2,14.0
2007,Tennessee,SEC,20.2,14.0
2007,Virginia Tech,ACC,19.3,16.0
2007,Arkansas,SEC,18.0,17.0
2007,Cincinnati,Big 12,17.5,18.0
2007,Kansas State,Big 12,17.5,18.0
2007,Boston College,ACC,16.7,20.0
2007,California,ACC,16.6,21.0
2007,South Carolina,SEC,16.2,22.0
2007,Clemson,ACC,16.2,22.0
2007,South Florida,American Athletic,15.8,24.0
2007,BYU,Big 12,15.4,25.0
2007,Rutgers,Big Ten,14.3,26.0
2007,Kentucky,SEC,13.4,27.0
2007,Michigan,Big Ten,13.3,28.0
2007,Oklahoma State,Big 12,13.1,29.0
2007,Boise State,Pac-12,13.1,29.0
2007,Alabama,SEC,12.8,31.0
2007,Illinois,Big Ten,12.7,32.0
2007,Arizona State,Big 12,12.6,33.0
2007,Purdue,Big Ten,12.4,34.0
2007,Hawai'i,Mountain West,12.4,34.0
2007,Louisville,ACC,12.1,36.0
2007,Utah,Big 12,11.9,37.0
2007,Oregon State,Pac-12,11.6,38.0
2007,UCLA,Big Ten,11.2,39.0
2007,Wisconsin,Big Ten,10.4,40.0
2007,Nebraska,Big Ten,10.0,41.0
2007,Michigan State,Big Ten,10.0,41.0
2007,Florida State,ACC,9.6,43.0
2007,Georgia Tech,ACC,8.7,44.0
2007,UConn,FBS Independents,8.5,45.0
2007,Texas A&M,SEC,7.6,46.0
2007,Pittsburgh,ACC,7.5,47.0
2007,Virginia,ACC,7.5,47.0
2007,Arizona,Big 12,7.3,49.0
2007,Iowa,Big Ten,6.5,50.0
2007,Wake Forest,ACC,6.4,51.0
2007,TCU,Big 12,6.4,51.0
2007,Maryland,Big Ten,5.9,53.0
2007,Air Force,Mountain West,5.7,54.0
2007,Washington,Big Ten,5.2,55.0
2007,New Mexico,Mountain West,4.4,56.0
2007,Colorado,Big 12,4.2,57.0
2007,UCF,Big 12,3.5,58.0
2007,Washington State,Pac-12,3.2,59.0
2007,Miami,ACC,3.2,59.0
2007,Vanderbilt,SEC,2.5,61.0
2007,Mississippi State,SEC,2.0,62.0
2007,North Carolina,ACC,1.9,63.0
2007,Fresno State,Pac-12,1.8,64.0
2007,Indiana,Big Ten,-0.2,65.0
2007,Tulsa,American Athletic,-0.4,66.0
2007,Southern Miss,Sun Belt,-0.5,67.0
2007,East Carolina,American Athletic,-0.7,68.0
2007,NC State,ACC,-1.1,69.0
2007,Troy,Sun Belt,-2.4,70.0
2007,Northwestern,Big Ten,-2.4,70.0
2007,Ole Miss,SEC,-2.7,72.0
2007,Bowling Green,Mid-American,-3.8,73.0
2007,Nevada,Mountain West,-4.2,74.0
2007,Ball State,Mid-American,-4.6,75.0
2007,Houston,Big 12,-4.7,76.0
2007,Wyoming,Mountain West,-5.0,77.0
2007,Stanford,ACC,-6.7,78.0
2007,UTEP,Mountain West,-7.0,79.0
2007,Minnesota,Big Ten,-7.6,80.0
2007,Colorado State,Pac-12,-7.7,81.0
2007,Marshall,Sun Belt,-9.1,82.0
2007,Iowa State,Big 12,-9.1,82.0
2007,Notre Dame,FBS Independents,-9.7,84.0
2007,Navy,American Athletic,-9.8,85.0
2007,Central Michigan,Mid-American,-10.6,86.0
2007,Ohio,Mid-American,-11.3,87.0
2007,Syracuse,ACC,-11.7,88.0
2007,Miami (OH),Mid-American,-11.8,89.0
2007,Western Michigan,Mid-American,-12.1,90.0
2007,Kent State,Mid-American,-12.4,91.0
2007,Florida Atlantic,American Athletic,-12.5,92.0
2007,San Diego State,Pac-12,-12.6,93.0
2007,Toledo,Mid-American,-12.8,94.0
2007,Memphis,American Athletic,-12.9,95.0
2007,SMU,ACC,-13.4,96.0
2007,UNLV,Mountain West,-13.5,97.0
2007,Baylor,Big 12,-13.6,98.0
2007,Rice,American Athletic,-14.4,99.0
2007,Louisiana Tech,Conference USA,-14.8,100.0
2007,Tulane,American Athletic,-15.5,101.0
2007,Arkansas State,Sun Belt,-15.9,102.0
2007,San José State,Mountain West,-16.0,103.0
2007,Middle Tennessee,Conference USA,-16.1,104.0
2007,Northern Illinois,Mountain West,-17.0,105.0
2007,Akron,Mid-American,-17.6,106.0
2007,New Mexico State,Conference USA,-18.7,107.0
2007,Temple,American Athletic,-19.0,108.0
2007,Buffalo,Mid-American,-20.1,109.0
2007,UL Monroe,Sun Belt,-21.0,110.0
2007,UAB,American Athletic,-21.7,111.0
2007,Duke,ACC,-22.0,112.0
2007,Louisiana,Sun Belt,-22.3,113.0
2007,Western Kentucky,Conference USA,-22.5,114.0
2007,North Texas,American Athletic,-22.8,115.0
2007,Eastern Michigan,Mid-American,-24.8,116.0
2007,Idaho,Big Sky,-25.5,117.0
2007,Utah State,Pac-12,-27.6,118.0
2007,Army,American Athletic,-28.4,119.0
2007,Florida International,Conference USA,-32.9,120.0
2007,nationalAverages,,1.346666666666667,
2008,USC,Big Ten,37.0,1.0
2008,Texas,SEC,36.0,2.0
2008,Florida,SEC,34.7,3.0
2008,Oklahoma,SEC,32.4,4.0
2008,Penn State,Big Ten,29.5,5.0
2008,Iowa,Big Ten,25.5,6.0
2008,Missouri,SEC,24.0,7.0
2008,Oklahoma State,Big 12,23.4,8.0
2008,Alabama,SEC,23.0,9.0
2008,Texas Tech,Big 12,23.0,9.0
2008,Ohio State,Big Ten,22.7,11.0
2008,Georgia,SEC,20.9,12.0
2008,LSU,SEC,20.8,13.0
2008,Boise State,Pac-12,19.8,14.0
2008,Oregon,Big Ten,19.6,15.0
2008,TCU,Big 12,19.2,16.0
2008,Nebraska,Big Ten,18.9,17.0
2008,Florida State,ACC,18.7,18.0
2008,Utah,Big 12,18.2,19.0
2008,California,ACC,18.0,20.0
2008,Ole Miss,SEC,17.1,21.0
2008,Arizona,Big 12,16.3,22.0
2008,Kansas,Big 12,16.0,23.0
2008,Ball State,Mid-American,14.3,24.0
2008,Oregon State,Pac-12,14.2,25.0
2008,Clemson,ACC,12.8,26.0
2008,BYU,Big 12,12.2,27.0
2008,Tennessee,SEC,12.0,28.0
2008,Boston College,ACC,11.0,29.0
2008,Miami,ACC,10.9,30.0
2008,Wisconsin,Big Ten,10.5,31.0
2008,North Carolina,ACC,10.2,32.0
2008,Pittsburgh,ACC,9.0,33.0
2008,Illinois,Big Ten,8.9,34.0
2008,Georgia Tech,ACC,8.6,35.0
2008,Cincinnati,Big 12,8.6,35.0
2008,Virginia Tech,ACC,8.1,37.0
2008,South Florida,American Athletic,8.0,38.0
2008,South Carolina,SEC,7.8,39.0
2008,Maryland,Big Ten,7.6,40.0
2008,Northwestern,Big Ten,7.3,41.0
2008,Tulsa,American Athletic,7.0,42.0
2008,Notre Dame,FBS Independents,6.8,43.0
2008,Michigan State,Big Ten,6.6,44.0
2008,Wake Forest,ACC,6.4,45.0
2008,Houston,Big 12,6.4,45.0
2008,West Virginia,Big 12,6.2,47.0
2008,Kansas State,Big 12,6.0,48.0
2008,Troy,Sun Belt,5.0,49.0
2008,UConn,FBS Independents,4.9,50.0
2008,Rice,American Athletic,4.8,51.0
2008,Arkansas,SEC,4.8,51.0
2008,Baylor,Big 12,4.0,53.0
2008,Arizona State,Big 12,3.4,54.0
2008,Southern Miss,Sun Belt,3.1,55.0
2008,Minnesota,Big Ten,3.0,56.0
2008,Bowling Green,Mid-American,2.4,57.0
2008,Rutgers,Big Ten,2.4,57.0
2008,Purdue,Big Ten,2.4,57.0
2008,Stanford,ACC,2.2,60.0
2008,NC State,ACC,1.8,61.0
2008,Michigan,Big Ten,1.6,62.0
2008,Auburn,SEC,1.4,63.0
2008,East Carolina,American Athletic,1.3,64.0
2008,Nevada,Mountain West,0.9,65.0
2008,UCLA,Big Ten,-0.1,66.0
2008,Virginia,ACC,-0.6,67.0
2008,Air Force,Mountain West,-0.7,68.0
2008,Northern Illinois,Mountain West,-1.6,69.0
2008,Kentucky,SEC,-1.8,70.0
2008,Vanderbilt,SEC,-2.0,71.0
2008,New Mexico,Mountain West,-2.0,71.0
2008,UTEP,Mountain West,-2.7,73.0
2008,Colorado,Big 12,-2.7,73.0
2008,Iowa State,Big 12,-2.8,75.0
2008,Louisville,ACC,-3.0,76.0
2008,Western Michigan,Mid-American,-3.1,77.0
2008,Colorado State,Pac-12,-3.3,78.0
2008,Memphis,American Athletic,-3.4,79.0
2008,Fresno State,Pac-12,-3.5,80.0
2008,Navy,American Athletic,-3.5,80.0
2008,Marshall,Sun Belt,-4.2,82.0
2008,Central Michigan,Mid-American,-5.6,83.0
2008,Texas A&M,SEC,-5.6,83.0
2008,Akron,Mid-American,-6.7,85.0
2008,Duke,ACC,-6.7,85.0
2008,Hawai'i,Mountain West,-7.6,87.0
2008,Indiana,Big Ten,-8.3,88.0
2008,Florida Atlantic,American Athletic,-8.5,89.0
2008,Kent State,Mid-American,-8.5,89.0
2008,Mississippi State,SEC,-8.8,91.0
2008,Ohio,Mid-American,-9.3,92.0
2008,Temple,American Athletic,-9.4,93.0
2008,Arkansas State,Sun Belt,-9.5,94.0
2008,Louisiana Tech,Conference USA,-9.7,95.0
2008,UAB,American Athletic,-10.3,96.0
2008,Louisiana,Sun Belt,-11.1,97.0
2008,Toledo,Mid-American,-11.4,98.0
2008,UNLV,Mountain West,-12.4,99.0
2008,San José State,Mountain West,-13.2,100.0
2008,Buffalo,Mid-American,-14.4,101.0
2008,Wyoming,Mountain West,-14.5,102.0
2008,Syracuse,ACC,-14.6,103.0
2008,Middle Tennessee,Conference USA,-15.0,104.0
2008,UCF,Big 12,-15.8,105.0
2008,Miami (OH),Mid-American,-15.8,105.0
2008,Florida International,Conference USA,-17.3,107.0
2008,Tulane,American Athletic,-17.4,108.0
2008,Washington State,Pac-12,-17.5,109.0
2008,San Diego State,Pac-12,-17.9,110.0
2008,SMU,ACC,-18.5,111.0
2008,Utah State,Pac-12,-18.9,112.0
2008,Army,American Athletic,-20.3,113.0
2008,Washington,Big Ten,-21.3,114.0
2008,New Mexico State,Conference USA,-21.7,115.0
2008,Eastern Michigan,Mid-American,-22.0,116.0
2008,Western Kentucky,Conference USA,-22.1,117.0
2008,UL Monroe,Sun Belt,-26.7,118.0
2008,Idaho,Big Sky,-28.8,119.0
2008,North Texas,American Athletic,-30.9,120.0
2008,nationalAverages,,1.8041666666666667,
2009,Florida,SEC,32.8,1.0
2009,Alabama,SEC,30.2,2.0
2009,Texas,SEC,30.0,3.0
2009,Virginia Tech,ACC,27.8,4.0
2009,TCU,Big 12,25.6,5.0
2009,Miami,ACC,25.0,6.0
2009,Texas Tech,Big 12,24.6,7.0
2009,LSU,SEC,23.0,8.0
2009,Oregon,Big Ten,22.4,9.0
2009,Oklahoma,SEC,22.3,10.0
2009,Penn State,Big Ten,21.9,11.0
2009,Ohio State,Big Ten,21.0,12.0
2009,Nebraska,Big Ten,19.9,13.0
2009,Boise State,Pac-12,19.9,13.0
2009,Georgia,SEC,19.1,15.0
2009,Cincinnati,Big 12,18.2,16.0
2009,Pittsburgh,ACC,17.9,17.0
2009,Auburn,SEC,17.4,18.0
2009,Iowa,Big Ten,17.3,19.0
2009,Wisconsin,Big Ten,16.9,20.0
2009,Ole Miss,SEC,16.7,21.0
2009,USC,Big Ten,16.6,22.0
2009,Clemson,ACC,16.4,23.0
2009,Tennessee,SEC,16.2,24.0
2009,Arkansas,SEC,16.0,25.0
2009,Utah,Big 12,15.1,26.0
2009,Oklahoma State,Big 12,14.0,27.0
2009,South Carolina,SEC,13.9,28.0
2009,West Virginia,Big 12,13.8,29.0
2009,BYU,Big 12,12.7,30.0
2009,Boston College,ACC,12.7,30.0
2009,Oregon State,Pac-12,12.6,32.0
2009,Missouri,SEC,11.8,33.0
2009,Notre Dame,FBS Independents,11.0,34.0
2009,Stanford,ACC,10.7,35.0
2009,Georgia Tech,ACC,9.7,36.0
2009,Florida State,ACC,8.8,37.0
2009,Michigan State,Big Ten,8.7,38.0
2009,North Carolina,ACC,8.5,39.0
2009,Michigan,Big Ten,8.2,40.0
2009,Arizona State,Big 12,8.2,40.0
2009,Kansas,Big 12,8.0,42.0
2009,Texas A&M,SEC,7.6,43.0
2009,Arizona,Big 12,7.1,44.0
2009,California,ACC,6.5,45.0
2009,UConn,FBS Independents,5.4,46.0
2009,Purdue,Big Ten,5.1,47.0
2009,Kansas State,Big 12,5.0,48.0
2009,Air Force,Mountain West,4.7,49.0
2009,Mississippi State,SEC,4.7,49.0
2009,UCLA,Big Ten,4.6,51.0
2009,Fresno State,Pac-12,4.1,52.0
2009,Houston,Big 12,4.0,53.0
2009,Central Michigan,Mid-American,3.5,54.0
2009,Wake Forest,ACC,3.3,55.0
2009,Rutgers,Big Ten,3.1,56.0
2009,South Florida,American Athletic,2.8,57.0
2009,Southern Miss,Sun Belt,2.4,58.0
2009,Kentucky,SEC,2.1,59.0
2009,Iowa State,Big 12,1.0,60.0
2009,Virginia,ACC,0.7,61.0
2009,NC State,ACC,0.6,62.0
2009,Nevada,Mountain West,0.5,63.0
2009,Troy,Sun Belt,0.5,63.0
2009,Minnesota,Big Ten,0.3,65.0
2009,Colorado,Big 12,0.2,66.0
2009,Washington,Big Ten,-0.2,67.0
2009,Tulsa,American Athletic,-1.1,68.0
2009,Middle Tennessee,Conference USA,-2.1,69.0
2009,East Carolina,American Athletic,-2.3,70.0
2009,Syracuse,ACC,-2.8,71.0
2009,Navy,American Athletic,-2.9,72.0
2009,Bowling Green,Mid-American,-3.3,73.0
2009,Baylor,Big 12,-3.6,74.0
2009,Louisiana Tech,Conference USA,-3.8,75.0
2009,Northwestern,Big Ten,-4.0,76.0
2009,Maryland,Big Ten,-4.1,77.0
2009,Colorado State,Pac-12,-4.5,78.0
2009,Northern Illinois,Mountain West,-4.6,79.0
2009,Temple,American Athletic,-4.9,80.0
2009,Louisville,ACC,-5.4,81.0
2009,UCF,Big 12,-5.4,81.0
2009,Vanderbilt,SEC,-5.5,83.0
2009,UTEP,Mountain West,-5.7,84.0
2009,Illinois,Big Ten,-5.7,84.0
2009,SMU,ACC,-6.1,86.0
2009,Duke,ACC,-6.1,86.0
2009,Marshall,Sun Belt,-6.1,86.0
2009,Indiana,Big Ten,-6.7,89.0
2009,UAB,American Athletic,-6.8,90.0
2009,Toledo,Mid-American,-7.4,91.0
2009,Ohio,Mid-American,-8.6,92.0
2009,Hawai'i,Mountain West,-8.8,93.0
2009,Idaho,Big Sky,-10.6,94.0
2009,San Diego State,Pac-12,-11.0,95.0
2009,UNLV,Mountain West,-11.5,96.0
2009,Buffalo,Mid-American,-11.6,97.0
2009,Kent State,Mid-American,-11.9,98.0
2009,Western Michigan,Mid-American,-12.0,99.0
2009,Utah State,Pac-12,-12.7,100.0
2009,Memphis,American Athletic,-14.4,101.0
2009,Wyoming,Mountain West,-14.4,101.0
2009,North Texas,American Athletic,-15.1,103.0
2009,UL Monroe,Sun Belt,-15.6,104.0
2009,Florida Atlantic,American Athletic,-17.3,105.0
2009,Ball State,Mid-American,-17.3,105.0
2009,Akron,Mid-American,-17.8,107.0
2009,Arkansas State,Sun Belt,-18.2,108.0
2009,Miami (OH),Mid-American,-18.9,109.0
2009,New Mexico,Mountain West,-19.1,110.0
2009,Army,American Athletic,-21.7,111.0
2009,Tulane,American Athletic,-22.2,112.0
2009,Washington State,Pac-12,-22.2,112.0
2009,Louisiana,Sun Belt,-23.8,114.0
2009,San José State,Mountain West,-25.2,115.0
2009,Rice,American Athletic,-26.0,116.0
2009,Western Kentucky,Conference USA,-27.8,117.0
2009,New Mexico State,Conference USA,-28.5,118.0
2009,Florida International,Conference USA,-30.3,119.0
2009,Eastern Michigan,Mid-American,-32.7,120.0
2009,nationalAverages,,1.375,
2010,Alabama,SEC,30.1,1.0
2010,Ohio State,Big Ten,30.0,2.0
2010,Oregon,Big Ten,28.2,3.0
2010,Stanford,ACC,28.1,4.0
2010,Arkansas,SEC,27.1,5.0
2010,Auburn,SEC,26.5,6.0
2010,Boise State,Pac-12,26.4,7.0
2010,Oklahoma State,Big 12,25.9,8.0
2010,TCU,Big 12,25.2,9.0
2010,Oklahoma,SEC,23.5,10.0
2010,Wisconsin,Big Ten,23.1,11.0
2010,Georgia,SEC,22.2,12.0
2010,Miami,ACC,21.6,13.0
2010,Virginia Tech,ACC,21.2,14.0
2010,LSU,SEC,20.4,15.0
2010,South Carolina,SEC,20.3,16.0
2010,Florida State,ACC,19.7,17.0
2010,Missouri,SEC,19.3,18.0
2010,Nebraska,Big Ten,18.8,19.0
2010,Iowa,Big Ten,17.0,20.0
2010,Notre Dame,FBS Independents,16.5,21.0
2010,West Virginia,Big 12,16.2,22.0
2010,USC,Big Ten,15.2,23.0
2010,Arizona,Big 12,14.8,24.0
2010,Arizona State,Big 12,14.6,25.0
2010,Florida,SEC,14.0,26.0
2010,Texas A&M,SEC,13.8,27.0
2010,Michigan State,Big Ten,13.8,27.0
2010,Hawai'i,Mountain West,12.8,29.0
2010,Utah,Big 12,12.2,30.0
2010,Maryland,Big Ten,11.9,31.0
2010,Pittsburgh,ACC,11.3,32.0
2010,Louisville,ACC,10.9,33.0
2010,Nevada,Mountain West,10.8,34.0
2010,Texas,SEC,10.6,35.0
2010,Mississippi State,SEC,10.6,35.0
2010,Clemson,ACC,10.1,37.0
2010,California,ACC,10.0,38.0
2010,NC State,ACC,9.3,39.0
2010,San Diego State,Pac-12,8.9,40.0
2010,Kansas State,Big 12,8.6,41.0
2010,Illinois,Big Ten,8.6,41.0
2010,Tennessee,SEC,7.7,43.0
2010,Michigan,Big Ten,7.7,43.0
2010,North Carolina,ACC,7.7,43.0
2010,Northern Illinois,Mountain West,7.6,46.0
2010,Texas Tech,Big 12,7.4,47.0
2010,Boston College,ACC,7.1,48.0
2010,Penn State,Big Ten,6.6,49.0
2010,Kentucky,SEC,6.0,50.0
2010,Southern Miss,Sun Belt,5.6,51.0
2010,Syracuse,ACC,5.3,52.0
2010,UCF,Big 12,5.1,53.0
2010,Baylor,Big 12,4.6,54.0
2010,Oregon State,Pac-12,4.6,54.0
2010,Air Force,Mountain West,3.9,56.0
2010,UCLA,Big Ten,3.9,56.0
2010,Fresno State,Pac-12,3.7,58.0
2010,BYU,Big 12,3.3,59.0
2010,Washington,Big Ten,3.2,60.0
2010,Georgia Tech,ACC,2.9,61.0
2010,Ole Miss,SEC,2.8,62.0
2010,Cincinnati,Big 12,2.5,63.0
2010,Tulsa,American Athletic,0.4,64.0
2010,South Florida,American Athletic,0.4,64.0
2010,Northwestern,Big Ten,-1.1,66.0
2010,Colorado,Big 12,-1.9,67.0
2010,Virginia,ACC,-2.1,68.0
2010,SMU,ACC,-3.2,69.0
2010,UConn,FBS Independents,-3.6,70.0
2010,Navy,American Athletic,-4.2,71.0
2010,Troy,Sun Belt,-4.4,72.0
2010,Western Michigan,Mid-American,-4.5,73.0
2010,Houston,Big 12,-4.7,74.0
2010,Temple,American Athletic,-5.2,75.0
2010,East Carolina,American Athletic,-5.3,76.0
2010,Indiana,Big Ten,-5.3,76.0
2010,Toledo,Mid-American,-5.5,78.0
2010,Iowa State,Big 12,-5.7,79.0
2010,Purdue,Big Ten,-6.5,80.0
2010,Ohio,Mid-American,-6.6,81.0
2010,Miami (OH),Mid-American,-6.7,82.0
2010,Washington State,Pac-12,-7.4,83.0
2010,Louisiana Tech,Conference USA,-7.4,83.0
2010,Kent State,Mid-American,-7.6,85.0
2010,Duke,ACC,-9.6,86.0
2010,UAB,American Athletic,-9.7,87.0
2010,Vanderbilt,SEC,-10.0,88.0
2010,Minnesota,Big Ten,-10.4,89.0
2010,UTEP,Mountain West,-11.2,90.0
2010,Rutgers,Big Ten,-11.7,91.0
2010,Idaho,Big Sky,-11.9,92.0
2010,Wake Forest,ACC,-12.1,93.0
2010,Florida International,Conference USA,-12.3,94.0
2010,Middle Tennessee,Conference USA,-12.5,95.0
2010,Wyoming,Mountain West,-13.0,96.0
2010,Marshall,Sun Belt,-14.1,97.0
2010,Army,American Athletic,-14.6,98.0
2010,Central Michigan,Mid-American,-14.7,99.0
2010,North Texas,American Athletic,-15.6,100.0
2010,Ball State,Mid-American,-15.6,100.0
2010,Arkansas State,Sun Belt,-15.9,102.0
2010,Rice,American Athletic,-16.6,103.0
2010,Colorado State,Pac-12,-16.8,104.0
2010,Kansas,Big 12,-17.0,105.0
2010,San José State,Mountain West,-17.1,106.0
2010,Utah State,Pac-12,-19.2,107.0
2010,Tulane,American Athletic,-21.1,108.0
2010,Florida Atlantic,American Athletic,-22.8,109.0
2010,Bowling Green,Mid-American,-23.5,110.0
2010,UNLV,Mountain West,-24.0,111.0
2010,UL Monroe,Sun Belt,-24.1,112.0
2010,New Mexico,Mountain West,-24.8,113.0
2010,Memphis,American Athletic,-25.0,114.0
2010,Buffalo,Mid-American,-27.0,115.0
2010,Western Kentucky,Conference USA,-27.6,116.0
2010,Akron,Mid-American,-28.2,117.0
2010,Louisiana,Sun Belt,-28.2,117.0
2010,Eastern Michigan,Mid-American,-29.2,119.0
2010,New Mexico State,Conference USA,-29.4,120.0
2010,nationalAverages,,0.9558333333333332,
2011,Alabama,SEC,32.5,1.0
2011,LSU,SEC,31.9,2.0
2011,Oklahoma,SEC,30.1,3.0
2011,Oklahoma State,Big 12,29.4,4.0
2011,Oregon,Big Ten,27.2,5.0
2011,Wisconsin,Big Ten,26.1,6.0
2011,USC,Big Ten,24.7,7.0
2011,Boise State,Pac-12,23.0,8.0
2011,Georgia,SEC,22.9,9.0
2011,Florida State,ACC,22.8,10.0
2011,Texas A&M,SEC,22.7,11.0
2011,Arkansas,SEC,21.6,12.0
2011,Michigan State,Big Ten,20.2,13.0
2011,Michigan,Big Ten,20.0,14.0
2011,Stanford,ACC,20.0,14.0
2011,Texas,SEC,18.6,16.0
2011,South Carolina,SEC,18.6,16.0
2011,Notre Dame,FBS Independents,17.2,18.0
2011,West Virginia,Big 12,16.8,19.0
2011,Miami,ACC,16.4,20.0
2011,TCU,Big 12,15.7,21.0
2011,Virginia Tech,ACC,15.4,22.0
2011,Missouri,SEC,15.0,23.0
2011,Florida,SEC,14.7,24.0
2011,Nebraska,Big Ten,14.5,25.0
2011,Houston,Big 12,14.2,26.0
2011,Ohio State,Big Ten,13.2,27.0
2011,Iowa,Big Ten,12.8,28.0
2011,Cincinnati,Big 12,12.8,28.0
2011,Southern Miss,Sun Belt,12.2,30.0
2011,California,ACC,12.2,30.0
2011,Penn State,Big Ten,11.5,32.0
2011,Baylor,Big 12,10.9,33.0
2011,Arizona State,Big 12,9.9,34.0
2011,South Florida,American Athletic,9.7,35.0
2011,Auburn,SEC,9.0,36.0
2011,Vanderbilt,SEC,8.1,37.0
2011,Mississippi State,SEC,8.0,38.0
2011,Clemson,ACC,7.8,39.0
2011,Kansas State,Big 12,7.6,40.0
2011,Louisville,ACC,7.2,41.0
2011,BYU,Big 12,6.9,42.0
2011,Tennessee,SEC,6.9,42.0
2011,Illinois,Big Ten,6.8,44.0
2011,North Carolina,ACC,6.4,45.0
2011,Utah,Big 12,6.4,45.0
2011,Toledo,Mid-American,6.2,47.0
2011,Pittsburgh,ACC,5.6,48.0
2011,Georgia Tech,ACC,5.1,49.0
2011,UCF,Big 12,5.1,49.0
2011,Texas Tech,Big 12,4.8,51.0
2011,Temple,American Athletic,4.6,52.0
2011,Washington,Big Ten,3.9,53.0
2011,Virginia,ACC,3.7,54.0
2011,UCLA,Big Ten,3.5,55.0
2011,Purdue,Big Ten,3.1,56.0
2011,Tulsa,American Athletic,2.5,57.0
2011,Northern Illinois,Mountain West,2.2,58.0
2011,Louisiana Tech,Conference USA,1.9,59.0
2011,Ohio,Mid-American,0.9,60.0
2011,Rutgers,Big Ten,0.8,61.0
2011,Northwestern,Big Ten,0.6,62.0
2011,SMU,ACC,0.3,63.0
2011,Western Michigan,Mid-American,-0.3,64.0
2011,Nevada,Mountain West,-0.4,65.0
2011,Iowa State,Big 12,-0.4,65.0
2011,Air Force,Mountain West,-0.7,67.0
2011,Utah State,Pac-12,-0.9,68.0
2011,UConn,FBS Independents,-1.0,69.0
2011,NC State,ACC,-1.1,70.0
2011,San Diego State,Pac-12,-1.5,71.0
2011,Washington State,Pac-12,-1.7,72.0
2011,Bowling Green,Mid-American,-2.0,73.0
2011,Hawai'i,Mountain West,-2.1,74.0
2011,Arizona,Big 12,-2.4,75.0
2011,Syracuse,ACC,-2.9,76.0
2011,East Carolina,American Athletic,-3.0,77.0
2011,Arkansas State,Sun Belt,-3.3,78.0
2011,Wake Forest,ACC,-3.5,79.0
2011,Minnesota,Big Ten,-3.8,80.0
2011,UTEP,Mountain West,-4.1,81.0
2011,Boston College,ACC,-4.5,82.0
2011,Kentucky,SEC,-5.0,83.0
2011,Oregon State,Pac-12,-5.2,84.0
2011,Miami (OH),Mid-American,-5.3,85.0
2011,Fresno State,Pac-12,-6.0,86.0
2011,Maryland,Big Ten,-8.0,87.0
2011,Marshall,Sun Belt,-8.0,87.0
2011,Florida International,Conference USA,-8.5,89.0
2011,Colorado,Big 12,-8.8,90.0
2011,Navy,American Athletic,-9.4,91.0
2011,Ole Miss,SEC,-9.7,92.0
2011,Louisiana,Sun Belt,-9.8,93.0
2011,Kent State,Mid-American,-10.4,94.0
2011,San José State,Mountain West,-11.9,95.0
2011,Rice,American Athletic,-12.0,96.0
2011,Colorado State,Pac-12,-12.6,97.0
2011,Duke,ACC,-13.3,98.0
2011,Ball State,Mid-American,-13.6,99.0
2011,Wyoming,Mountain West,-14.2,100.0
2011,Kansas,Big 12,-15.0,101.0
2011,Eastern Michigan,Mid-American,-15.3,102.0
2011,UL Monroe,Sun Belt,-15.7,103.0
2011,Western Kentucky,Conference USA,-16.1,104.0
2011,Indiana,Big Ten,-16.9,105.0
2011,North Texas,American Athletic,-18.1,106.0
2011,Troy,Sun Belt,-18.5,107.0
2011,New Mexico State,Conference USA,-18.7,108.0
2011,Central Michigan,Mid-American,-18.9,109.0
2011,UAB,American Athletic,-19.2,110.0
2011,Buffalo,Mid-American,-19.5,111.0
2011,Army,American Athletic,-20.9,112.0
2011,Tulane,American Athletic,-21.9,113.0
2011,Idaho,Big Sky,-23.5,114.0
2011,UNLV,Mountain West,-24.1,115.0
2011,Middle Tennessee,Conference USA,-24.6,116.0
2011,Memphis,American Athletic,-25.9,117.0
2011,New Mexico,Mountain West,-27.9,118.0
2011,Akron,Mid-American,-29.1,119.0
2011,Florida Atlantic,American Athletic,-30.7,120.0
2011,nationalAverages,,1.3458333333333332,
2012,Alabama,SEC,36.5,1.0
2012,Florida State,ACC,30.8,2.0
2012,Texas A&M,SEC,28.8,3.0
2012,Oklahoma,SEC,28.5,4.0
2012,Florida,SEC,28.0,5.0
2012,Georgia,SEC,28.0,5.0
2012,Oregon,Big Ten,27.2,7.0
2012,Oklahoma State,Big 12,24.0,8.0
2012,Ohio State,Big Ten,23.8,9.0
2012,LSU,SEC,23.7,10.0
2012,Kansas State,Big 12,22.7,11.0
2012,USC,Big Ten,21.9,12.0
2012,Michigan,Big Ten,20.5,13.0
2012,Nebraska,Big Ten,20.3,14.0
2012,Notre Dame,FBS Independents,19.2,15.0
2012,Texas,SEC,18.6,16.0
2012,Clemson,ACC,18.5,17.0
2012,Texas Tech,Big 12,17.0,18.0
2012,Arizona State,Big 12,16.6,19.0
2012,Oregon State,Pac-12,16.4,20.0
2012,South Carolina,SEC,16.1,21.0
2012,Stanford,ACC,15.3,22.0
2012,Tennessee,SEC,15.1,23.0
2012,UCLA,Big Ten,14.8,24.0
2012,Wisconsin,Big Ten,14.5,25.0
2012,Ole Miss,SEC,14.2,26.0
2012,Penn State,Big Ten,14.1,27.0
2012,North Carolina,ACC,14.1,27.0
2012,Boise State,Pac-12,13.4,29.0
2012,TCU,Big 12,12.9,30.0
2012,Virginia Tech,ACC,12.7,31.0
2012,Fresno State,Pac-12,12.5,32.0
2012,Michigan State,Big Ten,12.4,33.0
2012,Northern Illinois,Mountain West,12.4,33.0
2012,Arkansas,SEC,11.6,35.0
2012,Cincinnati,Big 12,11.1,36.0
2012,Baylor,Big 12,11.0,37.0
2012,Utah State,Pac-12,11.0,37.0
2012,BYU,Big 12,10.9,39.0
2012,Louisville,ACC,10.5,40.0
2012,Vanderbilt,SEC,10.0,41.0
2012,San José State,Mountain West,9.7,42.0
2012,Arizona,Big 12,8.2,43.0
2012,Miami,ACC,8.2,43.0
2012,Mississippi State,SEC,8.1,45.0
2012,West Virginia,Big 12,8.1,45.0
2012,Northwestern,Big Ten,7.2,47.0
2012,UCF,Big 12,6.3,48.0
2012,Washington,Big Ten,6.1,49.0
2012,Georgia Tech,ACC,6.0,50.0
2012,Syracuse,ACC,5.8,51.0
2012,Pittsburgh,ACC,5.7,52.0
2012,NC State,ACC,5.4,53.0
2012,California,ACC,5.3,54.0
2012,Auburn,SEC,4.8,55.0
2012,Iowa State,Big 12,4.4,56.0
2012,Missouri,SEC,3.9,57.0
2012,Utah,Big 12,3.8,58.0
2012,Tulsa,American Athletic,2.6,59.0
2012,San Diego State,Pac-12,2.4,60.0
2012,Arkansas State,Sun Belt,1.2,61.0
2012,Iowa,Big Ten,0.5,62.0
2012,Louisiana Tech,Conference USA,0.2,63.0
2012,Louisiana,Sun Belt,0.0,64.0
2012,Rutgers,Big Ten,0.0,64.0
2012,Kent State,Mid-American,-0.1,66.0
2012,Virginia,ACC,-0.3,67.0
2012,UConn,FBS Independents,-0.7,68.0
2012,Minnesota,Big Ten,-0.9,69.0
2012,Purdue,Big Ten,-1.0,70.0
2012,Marshall,Sun Belt,-1.4,71.0
2012,Nevada,Mountain West,-2.0,72.0
2012,Ball State,Mid-American,-2.6,73.0
2012,Boston College,ACC,-2.8,74.0
2012,South Florida,American Athletic,-3.2,75.0
2012,Troy,Sun Belt,-3.5,76.0
2012,Bowling Green,Mid-American,-4.0,77.0
2012,Toledo,Mid-American,-4.0,77.0
2012,Washington State,Pac-12,-4.4,79.0
2012,Indiana,Big Ten,-4.6,80.0
2012,Western Kentucky,Conference USA,-4.7,81.0
2012,East Carolina,American Athletic,-5.5,82.0
2012,Houston,Big 12,-5.6,83.0
2012,Duke,ACC,-7.1,84.0
2012,Middle Tennessee,Conference USA,-7.5,85.0
2012,SMU,ACC,-7.6,86.0
2012,Rice,American Athletic,-7.6,86.0
2012,Maryland,Big Ten,-7.8,88.0
2012,Ohio,Mid-American,-8.0,89.0
2012,Navy,American Athletic,-8.1,90.0
2012,Kentucky,SEC,-8.7,91.0
2012,Colorado State,Pac-12,-9.7,92.0
2012,Western Michigan,Mid-American,-9.8,93.0
2012,Illinois,Big Ten,-9.8,93.0
2012,Air Force,Mountain West,-10.0,95.0
2012,Memphis,American Athletic,-10.0,95.0
2012,UAB,American Athletic,-11.1,97.0
2012,Temple,American Athletic,-11.6,98.0
2012,Central Michigan,Mid-American,-11.6,98.0
2012,Wake Forest,ACC,-11.9,100.0
2012,UL Monroe,Sun Belt,-12.0,101.0
2012,Kansas,Big 12,-12.6,102.0
2012,Florida International,Conference USA,-12.7,103.0
2012,Texas State,Pac-12,-12.9,104.0
2012,New Mexico,Mountain West,-13.4,105.0
2012,Wyoming,Mountain West,-14.2,106.0
2012,North Texas,American Athletic,-14.4,107.0
2012,UTEP,Mountain West,-16.1,108.0
2012,Miami (OH),Mid-American,-16.2,109.0
2012,Buffalo,Mid-American,-16.3,110.0
2012,UNLV,Mountain West,-16.7,111.0
2012,Colorado,Big 12,-17.2,112.0
2012,Florida Atlantic,American Athletic,-17.9,113.0
2012,Southern Miss,Sun Belt,-18.6,114.0
2012,Hawai'i,Mountain West,-19.1,115.0
2012,Akron,Mid-American,-19.5,116.0
2012,UTSA,American Athletic,-20.1,117.0
2012,Tulane,American Athletic,-22.5,118.0
2012,Eastern Michigan,Mid-American,-23.0,119.0
2012,Army,American Athletic,-23.1,120.0
2012,South Alabama,Sun Belt,-25.5,121.0
2012,Idaho,Big Sky,-30.6,122.0
2012,New Mexico State,Conference USA,-33.3,123.0
2012,Massachusetts,Mid-American,-34.4,124.0
2012,nationalAverages,,1.4838709677419355,
2013,Florida State,ACC,38.5,1.0
2013,Alabama,SEC,34.1,2.0
2013,LSU,SEC,28.7,3.0
2013,Oregon,Big Ten,28.7,3.0
2013,Ohio State,Big Ten,28.4,5.0
2013,Auburn,SEC,25.2,6.0
2013,Georgia,SEC,25.1,7.0
2013,Clemson,ACC,24.5,8.0
2013,Louisville,ACC,24.2,9.0
2013,USC,Big Ten,22.5,10.0
2013,Wisconsin,Big Ten,22.4,11.0
2013,Oklahoma State,Big 12,21.8,12.0
2013,Kansas State,Big 12,21.7,13.0
2013,Stanford,ACC,21.7,13.0
2013,Washington,Big Ten,20.5,15.0
2013,Texas A&M,SEC,20.4,16.0
2013,Baylor,Big 12,20.4,16.0
2013,UCLA,Big Ten,20.0,18.0
2013,South Carolina,SEC,19.8,19.0
2013,Michigan State,Big Ten,19.7,20.0
2013,Oklahoma,SEC,19.6,21.0
2013,Missouri,SEC,19.3,22.0
2013,Arizona State,Big 12,17.5,23.0
2013,Iowa,Big Ten,17.3,24.0
2013,Miami,ACC,16.9,25.0
2013,Virginia Tech,ACC,14.9,26.0
2013,Arizona,Big 12,14.6,27.0
2013,Texas Tech,Big 12,14.0,28.0
2013,North Carolina,ACC,13.7,29.0
2013,Notre Dame,FBS Independents,13.2,30.0
2013,Ole Miss,SEC,12.4,31.0
2013,TCU,Big 12,12.4,31.0
2013,UCF,Big 12,12.3,33.0
2013,Oregon State,Pac-12,11.9,34.0
2013,Utah,Big 12,11.8,35.0
2013,Nebraska,Big Ten,11.6,36.0
2013,Georgia Tech,ACC,11.4,37.0
2013,Boise State,Pac-12,11.3,38.0
2013,Michigan,Big Ten,11.1,39.0
2013,Maryland,Big Ten,10.8,40.0
2013,Mississippi State,SEC,10.7,41.0
2013,Texas,SEC,10.5,42.0
2013,BYU,Big 12,10.0,43.0
2013,Bowling Green,Mid-American,9.8,44.0
2013,Pittsburgh,ACC,9.4,45.0
2013,Florida,SEC,9.0,46.0
2013,Penn State,Big Ten,8.9,47.0
2013,Fresno State,Pac-12,8.8,48.0
2013,Marshall,Sun Belt,8.3,49.0
2013,Washington State,Pac-12,8.2,50.0
2013,Cincinnati,Big 12,7.8,51.0
2013,Vanderbilt,SEC,7.5,52.0
2013,Ball State,Mid-American,7.5,52.0
2013,East Carolina,American Athletic,7.5,52.0
2013,Boston College,ACC,7.1,55.0
2013,Northern Illinois,Mountain West,6.3,56.0
2013,Tennessee,SEC,5.1,57.0
2013,Duke,ACC,5.0,58.0
2013,Houston,Big 12,4.9,59.0
2013,Toledo,Mid-American,4.7,60.0
2013,Utah State,Pac-12,4.2,61.0
2013,Northwestern,Big Ten,4.2,61.0
2013,Colorado State,Pac-12,3.0,63.0
2013,Minnesota,Big Ten,2.5,64.0
2013,Arkansas,SEC,1.5,65.0
2013,Indiana,Big Ten,1.4,66.0
2013,North Texas,American Athletic,1.0,67.0
2013,Syracuse,ACC,0.0,68.0
2013,Navy,American Athletic,-0.3,69.0
2013,NC State,ACC,-0.5,70.0
2013,Colorado,Big 12,-0.7,71.0
2013,West Virginia,Big 12,-0.9,72.0
2013,Rice,American Athletic,-1.5,73.0
2013,Kentucky,SEC,-2.5,74.0
2013,Wake Forest,ACC,-2.8,75.0
2013,Western Kentucky,Conference USA,-3.1,76.0
2013,Memphis,American Athletic,-3.2,77.0
2013,Iowa State,Big 12,-3.8,78.0
2013,Illinois,Big Ten,-4.0,79.0
2013,San Diego State,Pac-12,-4.8,80.0
2013,San José State,Mountain West,-5.1,81.0
2013,Virginia,ACC,-5.2,82.0
2013,Florida Atlantic,American Athletic,-6.6,83.0
2013,UTSA,American Athletic,-6.6,83.0
2013,Tulane,American Athletic,-8.0,85.0
2013,Rutgers,Big Ten,-8.1,86.0
2013,California,ACC,-8.7,87.0
2013,Buffalo,Mid-American,-9.0,88.0
2013,Kansas,Big 12,-9.7,89.0
2013,UNLV,Mountain West,-10.1,90.0
2013,South Alabama,Sun Belt,-10.2,91.0
2013,Temple,American Athletic,-10.7,92.0
2013,Ohio,Mid-American,-11.4,93.0
2013,Middle Tennessee,Conference USA,-11.8,94.0
2013,Louisiana,Sun Belt,-12.5,95.0
2013,UConn,FBS Independents,-13.2,96.0
2013,Texas State,Pac-12,-13.7,97.0
2013,Kent State,Mid-American,-13.8,98.0
2013,Hawai'i,Mountain West,-14.3,99.0
2013,Troy,Sun Belt,-14.5,100.0
2013,New Mexico,Mountain West,-14.9,101.0
2013,SMU,ACC,-15.2,102.0
2013,Akron,Mid-American,-15.3,103.0
2013,Wyoming,Mountain West,-15.3,103.0
2013,South Florida,American Athletic,-15.5,105.0
2013,Purdue,Big Ten,-15.7,106.0
2013,Arkansas State,Sun Belt,-16.2,107.0
2013,Nevada,Mountain West,-16.8,108.0
2013,Louisiana Tech,Conference USA,-16.8,108.0
2013,Air Force,Mountain West,-16.9,110.0
2013,Tulsa,American Athletic,-18.7,111.0
2013,Central Michigan,Mid-American,-18.8,112.0
2013,UAB,American Athletic,-20.8,113.0
2013,Southern Miss,Sun Belt,-24.5,114.0
2013,Army,American Athletic,-24.6,115.0
2013,Western Michigan,Mid-American,-25.5,116.0
2013,UL Monroe,Sun Belt,-26.2,117.0
2013,UTEP,Mountain West,-28.9,118.0
2013,Miami (OH),Mid-American,-29.0,119.0
2013,Georgia State,Sun Belt,-32.6,120.0
2013,New Mexico State,Conference USA,-35.1,121.0
2013,Idaho,Big Sky,-35.6,122.0
2013,Eastern Michigan,Mid-American,-35.7,123.0
2013,Massachusetts,Mid-American,-36.1,124.0
2013,Florida International,Conference USA,-38.9,125.0
2013,nationalAverages,,0.9616,
2014,Alabama,SEC,34.3,1.0
2014,Florida State,ACC,28.5,2.0
2014,Georgia,SEC,27.6,3.0
2014,Ohio State,Big Ten,25.8,4.0
2014,Oregon,Big Ten,24.7,5.0
2014,Auburn,SEC,24.2,6.0
2014,Michigan State,Big Ten,24.1,7.0
2014,Baylor,Big 12,23.9,8.0
2014,TCU,Big 12,23.3,9.0
2014,Mississippi State,SEC,22.2,10.0
2014,LSU,SEC,21.5,11.0
2014,Stanford,ACC,21.4,12.0
2014,Wisconsin,Big Ten,20.8,13.0
2014,Ole Miss,SEC,20.7,14.0
2014,Texas A&M,SEC,20.2,15.0
2014,Missouri,SEC,19.3,16.0
2014,Oklahoma,SEC,19.2,17.0
2014,Clemson,ACC,18.1,18.0
2014,UCLA,Big Ten,17.7,19.0
2014,South Carolina,SEC,17.4,20.0
2014,Florida,SEC,17.3,21.0
2014,USC,Big Ten,17.1,22.0
2014,Louisville,ACC,17.0,23.0
2014,Marshall,Sun Belt,16.8,24.0
2014,Kansas State,Big 12,16.3,25.0
2014,Pittsburgh,ACC,14.1,26.0
2014,Miami,ACC,13.9,27.0
2014,Arizona State,Big 12,13.5,28.0
2014,Nebraska,Big Ten,13.1,29.0
2014,Arkansas,SEC,12.2,30.0
2014,Tennessee,SEC,12.2,30.0
2014,Boise State,Pac-12,11.6,32.0
2014,Georgia Tech,ACC,11.2,33.0
2014,Notre Dame,FBS Independents,10.8,34.0
2014,BYU,Big 12,10.2,35.0
2014,Penn State,Big Ten,9.2,36.0
2014,Texas,SEC,9.0,37.0
2014,Utah,Big 12,8.8,38.0
2014,Oklahoma State,Big 12,8.6,39.0
2014,East Carolina,American Athletic,8.5,40.0
2014,West Virginia,Big 12,8.4,41.0
2014,Michigan,Big Ten,8.2,42.0
2014,NC State,ACC,8.1,43.0
2014,Virginia Tech,ACC,7.8,44.0
2014,Washington,Big Ten,7.8,44.0
2014,Arizona,Big 12,7.6,46.0
2014,Duke,ACC,7.0,47.0
2014,Cincinnati,Big 12,6.9,48.0
2014,Iowa,Big Ten,6.8,49.0
2014,Minnesota,Big Ten,6.8,49.0
2014,Kentucky,SEC,6.6,51.0
2014,Utah State,Pac-12,6.0,52.0
2014,Maryland,Big Ten,5.7,53.0
2014,UCF,Big 12,5.7,53.0
2014,Memphis,American Athletic,5.6,55.0
2014,Houston,Big 12,5.4,56.0
2014,Texas Tech,Big 12,4.9,57.0
2014,Boston College,ACC,4.9,57.0
2014,Colorado State,Pac-12,4.5,59.0
2014,Virginia,ACC,4.0,60.0
2014,Navy,American Athletic,3.4,61.0
2014,Oregon State,Pac-12,3.2,62.0
2014,Toledo,Mid-American,2.3,63.0
2014,Louisiana,Sun Belt,2.2,64.0
2014,Indiana,Big Ten,1.8,65.0
2014,Northwestern,Big Ten,1.5,66.0
2014,San Diego State,Pac-12,1.0,67.0
2014,Illinois,Big Ten,0.4,68.0
2014,North Carolina,ACC,0.0,69.0
2014,Arkansas State,Sun Belt,-0.3,70.0
2014,Northern Illinois,Mountain West,-0.6,71.0
2014,California,ACC,-0.6,71.0
2014,Western Michigan,Mid-American,-0.8,73.0
2014,Air Force,Mountain West,-1.4,74.0
2014,Rutgers,Big Ten,-1.5,75.0
2014,Washington State,Pac-12,-1.7,76.0
2014,Louisiana Tech,Conference USA,-1.7,76.0
2014,Syracuse,ACC,-2.1,78.0
2014,Georgia Southern,Sun Belt,-2.4,79.0
2014,Western Kentucky,Conference USA,-2.6,80.0
2014,Rice,American Athletic,-3.1,81.0
2014,UTSA,American Athletic,-3.4,82.0
2014,UAB,American Athletic,-4.2,83.0
2014,Vanderbilt,SEC,-4.3,84.0
2014,South Alabama,Sun Belt,-4.3,84.0
2014,Temple,American Athletic,-4.7,86.0
2014,Colorado,Big 12,-5.0,87.0
2014,Central Michigan,Mid-American,-5.2,88.0
2014,Bowling Green,Mid-American,-5.4,89.0
2014,Purdue,Big Ten,-6.2,90.0
2014,Ball State,Mid-American,-6.6,91.0
2014,Fresno State,Pac-12,-6.9,92.0
2014,Nevada,Mountain West,-7.3,93.0
2014,Texas State,Pac-12,-7.4,94.0
2014,Buffalo,Mid-American,-7.7,95.0
2014,Wake Forest,ACC,-7.8,96.0
2014,Iowa State,Big 12,-7.9,97.0
2014,App State,Sun Belt,-8.3,98.0
2014,Middle Tennessee,Conference USA,-8.7,99.0
2014,North Texas,American Athletic,-9.4,100.0
2014,Akron,Mid-American,-9.4,100.0
2014,Kansas,Big 12,-9.8,102.0
2014,UL Monroe,Sun Belt,-10.0,103.0
2014,Florida Atlantic,American Athletic,-10.4,104.0
2014,San José State,Mountain West,-11.5,105.0
2014,Ohio,Mid-American,-11.7,106.0
2014,South Florida,American Athletic,-11.8,107.0
2014,UTEP,Mountain West,-12.0,108.0
2014,Old Dominion,Sun Belt,-12.7,109.0
2014,Kent State,Mid-American,-13.7,110.0
2014,Wyoming,Mountain West,-14.0,111.0
2014,UConn,FBS Independents,-14.1,112.0
2014,Tulane,American Athletic,-15.0,113.0
2014,New Mexico,Mountain West,-15.0,113.0
2014,Hawai'i,Mountain West,-15.0,113.0
2014,Tulsa,American Athletic,-15.8,116.0
2014,Troy,Sun Belt,-15.9,117.0
2014,Southern Miss,Sun Belt,-15.9,117.0
2014,Florida International,Conference USA,-16.2,119.0
2014,Army,American Athletic,-16.9,120.0
2014,Idaho,Big Sky,-17.4,121.0
2014,UNLV,Mountain West,-17.6,122.0
2014,Miami (OH),Mid-American,-18.7,123.0
2014,Massachusetts,Mid-American,-20.2,124.0
2014,SMU,ACC,-21.2,125.0
2014,Georgia State,Sun Belt,-22.8,126.0
2014,New Mexico State,Conference USA,-23.3,127.0
2014,Eastern Michigan,Mid-American,-25.9,128.0
2014,nationalAverages,,2.1671875,
2015,Ohio State,Big Ten,29.5,1.0
2015,Alabama,SEC,29.0,2.0
2015,Ole Miss,SEC,27.0,3.0
2015,Clemson,ACC,24.0,4.0
2015,Florida State,ACC,23.2,5.0
2015,Stanford,ACC,22.8,6.0
2015,Oklahoma,SEC,22.7,7.0
2015,Notre Dame,FBS Independents,22.4,8.0
2015,North Carolina,ACC,20.0,9.0
2015,LSU,SEC,19.7,10.0
2015,Michigan,Big Ten,19.7,10.0
2015,Baylor,Big 12,19.5,12.0
2015,Tennessee,SEC,19.5,12.0
2015,Arkansas,SEC,19.2,14.0
2015,TCU,Big 12,19.0,15.0
2015,UCLA,Big Ten,18.6,16.0
2015,USC,Big Ten,16.8,17.0
2015,Georgia,SEC,16.8,17.0
2015,Oregon,Big Ten,15.9,19.0
2015,Michigan State,Big Ten,15.6,20.0
2015,Mississippi State,SEC,15.1,21.0
2015,Wisconsin,Big Ten,15.1,21.0
2015,Auburn,SEC,14.6,23.0
2015,Texas A&M,SEC,14.1,24.0
2015,Florida,SEC,13.8,25.0
2015,Louisville,ACC,13.2,26.0
2015,West Virginia,Big 12,12.9,27.0
2015,Navy,American Athletic,12.1,28.0
2015,California,ACC,12.1,28.0
2015,Boise State,Pac-12,11.8,30.0
2015,Virginia Tech,ACC,11.4,31.0
2015,Penn State,Big Ten,11.3,32.0
2015,Nebraska,Big Ten,11.1,33.0
2015,Pittsburgh,ACC,11.1,33.0
2015,Utah,Big 12,11.0,35.0
2015,Miami,ACC,11.0,35.0
2015,Western Kentucky,Conference USA,10.8,37.0
2015,Arizona State,Big 12,10.2,38.0
2015,Oklahoma State,Big 12,9.9,39.0
2015,Washington,Big Ten,9.7,40.0
2015,NC State,ACC,9.6,41.0
2015,Iowa,Big Ten,9.3,42.0
2015,Georgia Tech,ACC,9.0,43.0
2015,BYU,Big 12,8.7,44.0
2015,Louisiana Tech,Conference USA,8.3,45.0
2015,Minnesota,Big Ten,8.1,46.0
2015,San Diego State,Pac-12,8.0,47.0
2015,Memphis,American Athletic,8.0,47.0
2015,App State,Sun Belt,7.9,49.0
2015,Toledo,Mid-American,7.7,50.0
2015,Bowling Green,Mid-American,7.5,51.0
2015,Georgia Southern,Sun Belt,7.3,52.0
2015,Houston,Big 12,6.2,53.0
2015,Temple,American Athletic,6.0,54.0
2015,Cincinnati,Big 12,5.3,55.0
2015,Western Michigan,Mid-American,4.9,56.0
2015,Boston College,ACC,4.7,57.0
2015,Air Force,Mountain West,4.7,57.0
2015,Arizona,Big 12,4.7,57.0
2015,Texas Tech,Big 12,4.5,60.0
2015,Washington State,Pac-12,4.2,61.0
2015,Texas,SEC,3.7,62.0
2015,South Florida,American Athletic,3.6,63.0
2015,Marshall,Sun Belt,3.5,64.0
2015,Missouri,SEC,3.4,65.0
2015,Duke,ACC,3.4,65.0
2015,South Carolina,SEC,3.4,65.0
2015,Illinois,Big Ten,2.7,68.0
2015,Kansas State,Big 12,2.6,69.0
2015,Southern Miss,Sun Belt,1.4,70.0
2015,Virginia,ACC,1.4,70.0
2015,Arkansas State,Sun Belt,0.5,72.0
2015,Colorado State,Pac-12,0.5,72.0
2015,Indiana,Big Ten,0.4,74.0
2015,Northwestern,Big Ten,0.2,75.0
2015,Utah State,Pac-12,-0.1,76.0
2015,Iowa State,Big 12,-0.3,77.0
2015,Kentucky,SEC,-0.3,77.0
2015,Ohio,Mid-American,-0.5,79.0
2015,East Carolina,American Athletic,-0.5,79.0
2015,Akron,Mid-American,-0.8,81.0
2015,Northern Illinois,Mountain West,-0.9,82.0
2015,Vanderbilt,SEC,-1.6,83.0
2015,Maryland,Big Ten,-1.6,83.0
2015,Central Michigan,Mid-American,-3.1,85.0
2015,Syracuse,ACC,-3.9,86.0
2015,Colorado,Big 12,-4.0,87.0
2015,Wake Forest,ACC,-4.5,88.0
2015,San José State,Mountain West,-4.5,88.0
2015,Middle Tennessee,Conference USA,-4.6,90.0
2015,UConn,FBS Independents,-6.3,91.0
2015,Georgia State,Sun Belt,-6.7,92.0
2015,Troy,Sun Belt,-7.0,93.0
2015,Nevada,Mountain West,-7.1,94.0
2015,Louisiana,Sun Belt,-7.1,94.0
2015,Purdue,Big Ten,-7.4,96.0
2015,Tulsa,American Athletic,-8.5,97.0
2015,New Mexico,Mountain West,-8.7,98.0
2015,Massachusetts,Mid-American,-9.5,99.0
2015,Florida Atlantic,American Athletic,-9.8,100.0
2015,Oregon State,Pac-12,-10.1,101.0
2015,Rutgers,Big Ten,-10.1,101.0
2015,Buffalo,Mid-American,-10.3,103.0
2015,South Alabama,Sun Belt,-10.4,104.0
2015,Kent State,Mid-American,-11.9,105.0
2015,Idaho,Big Sky,-12.2,106.0
2015,Fresno State,Pac-12,-12.6,107.0
2015,Miami (OH),Mid-American,-13.5,108.0
2015,Tulane,American Athletic,-14.0,109.0
2015,Rice,American Athletic,-14.6,110.0
2015,UL Monroe,Sun Belt,-14.7,111.0
2015,Old Dominion,Sun Belt,-14.8,112.0
2015,Ball State,Mid-American,-15.5,113.0
2015,UCF,Big 12,-15.5,113.0
2015,Texas State,Pac-12,-15.5,113.0
2015,UNLV,Mountain West,-16.2,116.0
2015,Hawai'i,Mountain West,-16.3,117.0
2015,Florida International,Conference USA,-16.6,118.0
2015,Wyoming,Mountain West,-16.7,119.0
2015,SMU,ACC,-17.5,120.0
2015,UTSA,American Athletic,-17.7,121.0
2015,New Mexico State,Conference USA,-18.6,122.0
2015,UTEP,Mountain West,-19.5,123.0
2015,Eastern Michigan,Mid-American,-19.7,124.0
2015,Kansas,Big 12,-21.3,125.0
2015,Charlotte,American Athletic,-21.7,126.0
2015,Army,American Athletic,-21.7,126.0
2015,North Texas,American Athletic,-25.0,128.0
2015,nationalAverages,,2.2265625,
2016,Alabama,SEC,31.7,1.0
2016,Clemson,ACC,28.7,2.0
2016,Washington,Big Ten,26.7,3.0
2016,Oklahoma,SEC,26.1,4.0
2016,LSU,SEC,25.3,5.0
2016,Michigan,Big Ten,24.4,6.0
2016,Florida State,ACC,24.0,7.0
2016,USC,Big Ten,23.6,8.0
2016,Louisville,ACC,22.9,9.0
2016,Ohio State,Big Ten,22.4,10.0
2016,Penn State,Big Ten,19.0,11.0
2016,Miami,ACC,18.6,12.0
2016,Stanford,ACC,16.4,13.0
2016,Oklahoma State,Big 12,16.4,13.0
2016,Tennessee,SEC,16.3,15.0
2016,Wisconsin,Big Ten,16.1,16.0
2016,North Carolina,ACC,15.9,17.0
2016,Notre Dame,FBS Independents,15.7,18.0
2016,Western Kentucky,Conference USA,15.5,19.0
2016,Florida,SEC,15.4,20.0
2016,Auburn,SEC,15.3,21.0
2016,Virginia Tech,ACC,15.2,22.0
2016,Pittsburgh,ACC,13.1,23.0
2016,Minnesota,Big Ten,12.6,24.0
2016,Ole Miss,SEC,12.4,25.0
2016,Toledo,Mid-American,12.3,26.0
2016,Texas A&M,SEC,12.0,27.0
2016,Temple,American Athletic,11.9,28.0
2016,Western Michigan,Mid-American,11.5,29.0
2016,Boise State,Pac-12,11.5,29.0
2016,San Diego State,Pac-12,11.4,31.0
2016,Baylor,Big 12,11.3,32.0
2016,West Virginia,Big 12,11.3,32.0
2016,TCU,Big 12,11.0,34.0
2016,Utah,Big 12,10.9,35.0
2016,Texas,SEC,10.6,36.0
2016,Iowa,Big Ten,10.3,37.0
2016,Nebraska,Big Ten,10.3,37.0
2016,Houston,Big 12,10.1,39.0
2016,South Florida,American Athletic,9.8,40.0
2016,NC State,ACC,9.4,41.0
2016,Georgia,SEC,9.3,42.0
2016,App State,Sun Belt,9.2,43.0
2016,UCLA,Big Ten,9.1,44.0
2016,Kansas State,Big 12,8.2,45.0
2016,BYU,Big 12,8.0,46.0
2016,Arkansas,SEC,7.9,47.0
2016,Georgia Tech,ACC,7.8,48.0
2016,Memphis,American Athletic,7.7,49.0
2016,Tulsa,American Athletic,7.4,50.0
2016,Michigan State,Big Ten,7.4,50.0
2016,Navy,American Athletic,6.8,52.0
2016,Colorado,Big 12,6.3,53.0
2016,Washington State,Pac-12,6.2,54.0
2016,Oregon,Big Ten,6.1,55.0
2016,Mississippi State,SEC,5.4,56.0
2016,Indiana,Big Ten,4.6,57.0
2016,Air Force,Mountain West,4.4,58.0
2016,Texas Tech,Big 12,3.7,59.0
2016,Louisiana Tech,Conference USA,3.1,60.0
2016,Northwestern,Big Ten,2.9,61.0
2016,California,ACC,2.4,62.0
2016,Troy,Sun Belt,1.1,63.0
2016,Colorado State,Pac-12,0.8,64.0
2016,Southern Miss,Sun Belt,0.7,65.0
2016,Iowa State,Big 12,0.7,65.0
2016,Wake Forest,ACC,-0.6,67.0
2016,Maryland,Big Ten,-0.6,67.0
2016,Old Dominion,Sun Belt,-0.7,69.0
2016,Missouri,SEC,-1.0,70.0
2016,Vanderbilt,SEC,-1.2,71.0
2016,Arkansas State,Sun Belt,-1.2,71.0
2016,Boston College,ACC,-1.6,73.0
2016,Middle Tennessee,Conference USA,-1.9,74.0
2016,Ohio,Mid-American,-2.1,75.0
2016,UCF,Big 12,-2.2,76.0
2016,Northern Illinois,Mountain West,-2.4,77.0
2016,Kentucky,SEC,-2.6,78.0
2016,Syracuse,ACC,-2.7,79.0
2016,Duke,ACC,-2.8,80.0
2016,Arizona State,Big 12,-3.0,81.0
2016,Cincinnati,Big 12,-3.6,82.0
2016,Virginia,ACC,-3.8,83.0
2016,Georgia Southern,Sun Belt,-3.9,84.0
2016,South Carolina,SEC,-4.0,85.0
2016,Utah State,Pac-12,-4.4,86.0
2016,Arizona,Big 12,-4.5,87.0
2016,Oregon State,Pac-12,-4.6,88.0
2016,New Mexico,Mountain West,-5.1,89.0
2016,Akron,Mid-American,-5.6,90.0
2016,Miami (OH),Mid-American,-6.1,91.0
2016,Central Michigan,Mid-American,-6.1,91.0
2016,Bowling Green,Mid-American,-6.6,93.0
2016,Illinois,Big Ten,-6.7,94.0
2016,Wyoming,Mountain West,-6.9,95.0
2016,Ball State,Mid-American,-7.0,96.0
2016,Eastern Michigan,Mid-American,-8.2,97.0
2016,Idaho,Big Sky,-8.6,98.0
2016,Louisiana,Sun Belt,-8.7,99.0
2016,East Carolina,American Athletic,-9.0,100.0
2016,South Alabama,Sun Belt,-9.4,101.0
2016,Army,American Athletic,-9.9,102.0
2016,Hawai'i,Mountain West,-10.1,103.0
2016,SMU,ACC,-10.8,104.0
2016,Purdue,Big Ten,-11.0,105.0
2016,UTSA,American Athletic,-11.2,106.0
2016,UConn,FBS Independents,-11.6,107.0
2016,Kent State,Mid-American,-12.0,108.0
2016,Georgia State,Sun Belt,-12.1,109.0
2016,Marshall,Sun Belt,-12.7,110.0
2016,Nevada,Mountain West,-13.0,111.0
2016,San José State,Mountain West,-13.6,112.0
2016,Florida Atlantic,American Athletic,-14.1,113.0
2016,UNLV,Mountain West,-14.3,114.0
2016,Tulane,American Athletic,-14.6,115.0
2016,North Texas,American Athletic,-14.6,115.0
2016,Rutgers,Big Ten,-14.9,117.0
2016,Massachusetts,Mid-American,-15.3,118.0
2016,Kansas,Big 12,-15.9,119.0
2016,UTEP,Mountain West,-16.1,120.0
2016,Rice,American Athletic,-16.5,121.0
2016,Fresno State,Pac-12,-16.9,122.0
2016,New Mexico State,Conference USA,-17.2,123.0
2016,Buffalo,Mid-American,-18.8,124.0
2016,Florida International,Conference USA,-19.0,125.0
2016,Charlotte,American Athletic,-20.9,126.0
2016,UL Monroe,Sun Belt,-21.3,127.0
2016,Texas State,Pac-12,-25.5,128.0
2016,nationalAverages,,1.946875,
2017,Alabama,SEC,33.5,1.0
2017,Ohio State,Big Ten,30.9,2.0
2017,Wisconsin,Big Ten,26.8,3.0
2017,Georgia,SEC,26.7,4.0
2017,Clemson,ACC,26.4,5.0
2017,Penn State,Big Ten,26.0,6.0
2017,Oklahoma,SEC,25.5,7.0
2017,Auburn,SEC,24.7,8.0
2017,Florida State,ACC,22.8,9.0
2017,Washington,Big Ten,22.1,10.0
2017,LSU,SEC,21.1,11.0
2017,Notre Dame,FBS Independents,20.8,12.0
2017,Michigan,Big Ten,19.6,13.0
2017,Louisville,ACC,19.2,14.0
2017,Oklahoma State,Big 12,19.1,15.0
2017,TCU,Big 12,18.9,16.0
2017,USC,Big Ten,17.9,17.0
2017,Miami,ACC,17.4,18.0
2017,Mississippi State,SEC,16.0,19.0
2017,Stanford,ACC,15.8,20.0
2017,Virginia Tech,ACC,14.3,21.0
2017,UCF,Big 12,14.1,22.0
2017,Michigan State,Big Ten,13.8,23.0
2017,NC State,ACC,12.9,24.0
2017,Utah,Big 12,12.0,25.0
2017,Ole Miss,SEC,11.6,26.0
2017,Northwestern,Big Ten,11.2,27.0
2017,Missouri,SEC,11.1,28.0
2017,Kansas State,Big 12,10.9,29.0
2017,Texas,SEC,10.6,30.0
2017,Wake Forest,ACC,10.5,31.0
2017,Indiana,Big Ten,10.2,32.0
2017,South Florida,American Athletic,10.2,32.0
2017,Florida,SEC,10.1,34.0
2017,Iowa,Big Ten,9.8,35.0
2017,Texas A&M,SEC,9.4,36.0
2017,Oregon,Big Ten,9.1,37.0
2017,Boise State,Pac-12,9.1,37.0
2017,Georgia Tech,ACC,8.9,39.0
2017,Washington State,Pac-12,8.6,40.0
2017,Memphis,American Athletic,7.8,41.0
2017,South Carolina,SEC,7.8,41.0
2017,Houston,Big 12,7.7,43.0
2017,Iowa State,Big 12,7.5,44.0
2017,Toledo,Mid-American,6.6,45.0
2017,Duke,ACC,6.1,46.0
2017,Pittsburgh,ACC,6.0,47.0
2017,Purdue,Big Ten,5.8,48.0
2017,West Virginia,Big 12,5.6,49.0
2017,Florida Atlantic,American Athletic,5.1,50.0
2017,UCLA,Big Ten,4.9,51.0
2017,Texas Tech,Big 12,4.8,52.0
2017,Boston College,ACC,4.6,53.0
2017,San Diego State,Pac-12,4.5,54.0
2017,North Carolina,ACC,4.3,55.0
2017,Syracuse,ACC,4.0,56.0
2017,Colorado State,Pac-12,3.9,57.0
2017,App State,Sun Belt,3.8,58.0
2017,Arizona,Big 12,3.7,59.0
2017,Ohio,Mid-American,3.3,60.0
2017,Kentucky,SEC,2.7,61.0
2017,Nebraska,Big Ten,2.5,62.0
2017,Arkansas,SEC,2.1,63.0
2017,Colorado,Big 12,2.0,64.0
2017,Troy,Sun Belt,1.6,65.0
2017,Arkansas State,Sun Belt,1.5,66.0
2017,Tennessee,SEC,1.2,67.0
2017,Arizona State,Big 12,1.0,68.0
2017,Virginia,ACC,0.8,69.0
2017,Vanderbilt,SEC,0.6,70.0
2017,Temple,American Athletic,0.5,71.0
2017,Minnesota,Big Ten,0.4,72.0
2017,Navy,American Athletic,-0.7,73.0
2017,California,ACC,-1.0,74.0
2017,Northern Illinois,Mountain West,-1.4,75.0
2017,Baylor,Big 12,-1.4,75.0
2017,Miami (OH),Mid-American,-2.2,77.0
2017,Western Michigan,Mid-American,-2.4,78.0
2017,UTSA,American Athletic,-2.5,79.0
2017,Wyoming,Mountain West,-2.5,79.0
2017,Fresno State,Pac-12,-2.7,81.0
2017,SMU,ACC,-2.9,82.0
2017,Utah State,Pac-12,-3.3,83.0
2017,Southern Miss,Sun Belt,-3.4,84.0
2017,Maryland,Big Ten,-4.5,85.0
2017,Marshall,Sun Belt,-4.5,85.0
2017,North Texas,American Athletic,-4.5,85.0
2017,Western Kentucky,Conference USA,-4.9,88.0
2017,Middle Tennessee,Conference USA,-4.9,88.0
2017,Army,American Athletic,-5.3,90.0
2017,Eastern Michigan,Mid-American,-5.3,90.0
2017,Louisiana Tech,Conference USA,-5.5,92.0
2017,Rutgers,Big Ten,-5.5,92.0
2017,Tulane,American Athletic,-5.7,94.0
2017,Cincinnati,Big 12,-6.4,95.0
2017,Illinois,Big Ten,-7.4,96.0
2017,BYU,Big 12,-7.4,96.0
2017,Central Michigan,Mid-American,-8.6,98.0
2017,New Mexico State,Conference USA,-9.4,99.0
2017,Massachusetts,Mid-American,-9.7,100.0
2017,Bowling Green,Mid-American,-10.0,101.0
2017,Florida International,Conference USA,-10.4,102.0
2017,Tulsa,American Athletic,-10.7,103.0
2017,Air Force,Mountain West,-11.0,104.0
2017,Buffalo,Mid-American,-11.2,105.0
2017,South Alabama,Sun Belt,-12.0,106.0
2017,New Mexico,Mountain West,-12.4,107.0
2017,Idaho,Big Sky,-12.4,107.0
2017,Oregon State,Pac-12,-12.6,109.0
2017,UL Monroe,Sun Belt,-12.9,110.0
2017,Georgia State,Sun Belt,-14.0,111.0
2017,East Carolina,American Athletic,-14.0,111.0
2017,UNLV,Mountain West,-14.5,113.0
2017,Kansas,Big 12,-14.8,114.0
2017,Georgia Southern,Sun Belt,-15.8,115.0
2017,Louisiana,Sun Belt,-15.8,115.0
2017,Nevada,Mountain West,-16.4,117.0
2017,Old Dominion,Sun Belt,-16.8,118.0
2017,Akron,Mid-American,-17.6,119.0
2017,UConn,FBS Independents,-19.2,120.0
2017,Hawai'i,Mountain West,-19.7,121.0
2017,Ball State,Mid-American,-19.7,121.0
2017,San José State,Mountain West,-20.0,123.0
2017,Kent State,Mid-American,-20.2,124.0
2017,Texas State,Pac-12,-23.5,125.0
2017,Rice,American Athletic,-23.6,126.0
2017,Charlotte,American Athletic,-26.1,127.0
2017,UTEP,Mountain West,-27.4,128.0
2017,nationalAverages,,1.66953125,
2018,Alabama,SEC,36.3,1.0
2018,Georgia,SEC,32.9,2.0
2018,Clemson,ACC,29.7,3.0
2018,Oklahoma,SEC,24.9,4.0
2018,LSU,SEC,24.2,5.0
2018,Ohio State,Big Ten,24.1,6.0
2018,Auburn,SEC,23.6,7.0
2018,Mississippi State,SEC,23.2,8.0
2018,Florida,SEC,23.0,9.0
2018,Michigan,Big Ten,22.0,10.0
2018,Texas A&M,SEC,21.6,11.0
2018,Missouri,SEC,20.8,12.0
2018,Notre Dame,FBS Independents,20.7,13.0
2018,Washington,Big Ten,19.9,14.0
2018,Penn State,Big Ten,19.0,15.0
2018,Fresno State,Pac-12,17.4,16.0
2018,Utah,Big 12,16.8,17.0
2018,UCF,Big 12,16.5,18.0
2018,Wisconsin,Big Ten,15.5,19.0
2018,South Carolina,SEC,14.9,20.0
2018,Utah State,Pac-12,14.2,21.0
2018,Oklahoma State,Big 12,13.8,22.0
2018,Iowa,Big Ten,13.3,23.0
2018,West Virginia,Big 12,13.2,24.0
2018,Kentucky,SEC,13.1,25.0
2018,Stanford,ACC,13.0,26.0
2018,Miami,ACC,12.7,27.0
2018,Boise State,Pac-12,12.2,28.0
2018,App State,Sun Belt,11.9,29.0
2018,Michigan State,Big Ten,11.5,30.0
2018,Texas,SEC,11.3,31.0
2018,Washington State,Pac-12,11.3,31.0
2018,Ole Miss,SEC,9.8,33.0
2018,USC,Big Ten,9.7,34.0
2018,NC State,ACC,9.4,35.0
2018,Memphis,American Athletic,9.2,36.0
2018,Texas Tech,Big 12,8.7,37.0
2018,Iowa State,Big 12,7.9,38.0
2018,Vanderbilt,SEC,7.6,39.0
2018,Syracuse,ACC,7.5,40.0
2018,Oregon,Big Ten,7.3,41.0
2018,Virginia,ACC,7.1,42.0
2018,TCU,Big 12,6.9,43.0
2018,Purdue,Big Ten,6.5,44.0
2018,Minnesota,Big Ten,6.3,45.0
2018,BYU,Big 12,6.2,46.0
2018,San Diego State,Pac-12,6.0,47.0
2018,Tennessee,SEC,5.5,48.0
2018,Cincinnati,Big 12,5.4,49.0
2018,Nebraska,Big Ten,5.4,49.0
2018,Duke,ACC,5.0,51.0
2018,Arizona State,Big 12,5.0,51.0
2018,Arkansas,SEC,4.5,53.0
2018,Ohio,Mid-American,4.0,54.0
2018,California,ACC,3.9,55.0
2018,Virginia Tech,ACC,3.9,55.0
2018,Wake Forest,ACC,3.6,57.0
2018,Arizona,Big 12,3.6,57.0
2018,Maryland,Big Ten,3.0,59.0
2018,Temple,American Athletic,2.9,60.0
2018,Pittsburgh,ACC,2.7,61.0
2018,Troy,Sun Belt,2.6,62.0
2018,Boston College,ACC,2.4,63.0
2018,Houston,Big 12,2.3,64.0
2018,North Texas,American Athletic,2.1,65.0
2018,Baylor,Big 12,2.0,66.0
2018,Toledo,Mid-American,2.0,66.0
2018,Wyoming,Mountain West,1.9,68.0
2018,Northwestern,Big Ten,1.9,68.0
2018,Indiana,Big Ten,1.6,70.0
2018,Florida State,ACC,1.4,71.0
2018,Arkansas State,Sun Belt,1.2,72.0
2018,Marshall,Sun Belt,1.0,73.0
2018,Georgia Tech,ACC,0.3,74.0
2018,UAB,American Athletic,-0.3,75.0
2018,UCLA,Big Ten,-0.4,76.0
2018,Nevada,Mountain West,-0.5,77.0
2018,Kansas State,Big 12,-0.5,77.0
2018,Miami (OH),Mid-American,-0.7,79.0
2018,Colorado,Big 12,-0.7,79.0
2018,Florida Atlantic,American Athletic,-0.8,81.0
2018,Buffalo,Mid-American,-1.1,82.0
2018,South Florida,American Athletic,-1.2,83.0
2018,Army,American Athletic,-1.5,84.0
2018,Air Force,Mountain West,-1.8,85.0
2018,Eastern Michigan,Mid-American,-2.0,86.0
2018,Georgia Southern,Sun Belt,-2.4,87.0
2018,North Carolina,ACC,-2.5,88.0
2018,Northern Illinois,Mountain West,-2.7,89.0
2018,Tulane,American Athletic,-3.5,90.0
2018,Middle Tennessee,Conference USA,-3.8,91.0
2018,Southern Miss,Sun Belt,-5.0,92.0
2018,SMU,ACC,-5.4,93.0
2018,Louisiana,Sun Belt,-6.9,94.0
2018,Louisiana Tech,Conference USA,-6.9,94.0
2018,Florida International,Conference USA,-7.4,96.0
2018,Illinois,Big Ten,-7.9,97.0
2018,Louisville,ACC,-9.1,98.0
2018,New Mexico,Mountain West,-9.5,99.0
2018,Kansas,Big 12,-10.0,100.0
2018,Navy,American Athletic,-10.2,101.0
2018,Colorado State,Pac-12,-10.3,102.0
2018,Hawai'i,Mountain West,-10.4,103.0
2018,Western Michigan,Mid-American,-10.7,104.0
2018,UL Monroe,Sun Belt,-10.9,105.0
2018,UNLV,Mountain West,-11.1,106.0
2018,Tulsa,American Athletic,-11.2,107.0
2018,Rutgers,Big Ten,-12.3,108.0
2018,Old Dominion,Sun Belt,-14.1,109.0
2018,East Carolina,American Athletic,-14.9,110.0
2018,Oregon State,Pac-12,-16.0,111.0
2018,Massachusetts,Mid-American,-16.1,112.0
2018,Western Kentucky,Conference USA,-16.1,112.0
2018,Texas State,Pac-12,-16.4,114.0
2018,San José State,Mountain West,-17.1,115.0
2018,Coastal Carolina,Sun Belt,-17.2,116.0
2018,South Alabama,Sun Belt,-17.7,117.0
2018,Charlotte,American Athletic,-18.5,118.0
2018,Ball State,Mid-American,-18.9,119.0
2018,Akron,Mid-American,-19.3,120.0
2018,Liberty,Conference USA,-19.7,121.0
2018,Central Michigan,Mid-American,-20.0,122.0
2018,New Mexico State,Conference USA,-20.2,123.0
2018,Georgia State,Sun Belt,-20.4,124.0
2018,Kent State,Mid-American,-20.4,124.0
2018,Bowling Green,Mid-American,-22.0,126.0
2018,UTSA,American Athletic,-22.1,127.0
2018,Rice,American Athletic,-26.4,128.0
2018,UConn,FBS Independents,-26.4,128.0
2018,UTEP,Mountain West,-26.6,130.0
2018,nationalAverages,,1.4430769230769231,
2019,Ohio State,Big Ten,35.4,1.0
2019,LSU,SEC,33.1,2.0
2019,Alabama,SEC,32.4,3.0
2019,Clemson,ACC,28.1,4.0
2019,Georgia,SEC,26.8,5.0
2019,Penn State,Big Ten,24.3,6.0
2019,Florida,SEC,24.0,7.0
2019,Oklahoma,SEC,22.9,8.0
2019,Auburn,SEC,21.0,9.0
2019,Michigan,Big Ten,20.7,10.0
2019,Wisconsin,Big Ten,20.3,11.0
2019,Utah,Big 12,19.5,12.0
2019,Minnesota,Big Ten,19.4,13.0
2019,UCF,Big 12,19.1,14.0
2019,Oregon,Big Ten,19.0,15.0
2019,Washington,Big Ten,18.3,16.0
2019,Memphis,American Athletic,18.0,17.0
2019,Baylor,Big 12,17.8,18.0
2019,Notre Dame,FBS Independents,17.7,19.0
2019,Iowa,Big Ten,16.7,20.0
2019,Texas A&M,SEC,15.0,21.0
2019,USC,Big Ten,13.1,22.0
2019,Indiana,Big Ten,12.8,23.0
2019,Iowa State,Big 12,12.6,24.0
2019,Air Force,Mountain West,12.1,25.0
2019,Texas,SEC,12.0,26.0
2019,App State,Sun Belt,11.3,27.0
2019,Washington State,Pac-12,11.1,28.0
2019,Tennessee,SEC,10.8,29.0
2019,North Carolina,ACC,10.3,30.0
2019,Navy,American Athletic,9.9,31.0
2019,Miami,ACC,9.6,32.0
2019,Louisiana,Sun Belt,9.6,32.0
2019,Cincinnati,Big 12,9.1,34.0
2019,Kentucky,SEC,9.1,34.0
2019,Oklahoma State,Big 12,8.7,36.0
2019,Boise State,Pac-12,8.1,37.0
2019,Virginia Tech,ACC,8.0,38.0
2019,Missouri,SEC,7.8,39.0
2019,Tulane,American Athletic,7.5,40.0
2019,Michigan State,Big Ten,7.2,41.0
2019,TCU,Big 12,6.7,42.0
2019,Virginia,ACC,6.3,43.0
2019,Arizona State,Big 12,6.3,43.0
2019,Kansas State,Big 12,6.0,45.0
2019,South Carolina,SEC,4.8,46.0
2019,SMU,ACC,4.4,47.0
2019,Pittsburgh,ACC,4.1,48.0
2019,Ohio,Mid-American,3.7,49.0
2019,Mississippi State,SEC,3.5,50.0
2019,Temple,American Athletic,3.2,51.0
2019,Ole Miss,SEC,2.9,52.0
2019,Texas Tech,Big 12,2.7,53.0
2019,Nebraska,Big Ten,2.6,54.0
2019,Wake Forest,ACC,2.0,55.0
2019,San Diego State,Pac-12,2.0,55.0
2019,Florida State,ACC,1.8,57.0
2019,Western Kentucky,Conference USA,1.7,58.0
2019,BYU,Big 12,1.3,59.0
2019,Illinois,Big Ten,0.6,60.0
2019,Louisiana Tech,Conference USA,0.2,61.0
2019,Louisville,ACC,0.2,61.0
2019,Florida Atlantic,American Athletic,-0.6,63.0
2019,Purdue,Big Ten,-0.7,64.0
2019,Oregon State,Pac-12,-0.7,64.0
2019,Wyoming,Mountain West,-1.1,66.0
2019,UAB,American Athletic,-1.4,67.0
2019,Duke,ACC,-1.8,68.0
2019,Hawai'i,Mountain West,-1.9,69.0
2019,Marshall,Sun Belt,-1.9,69.0
2019,Buffalo,Mid-American,-2.0,71.0
2019,Army,American Athletic,-2.1,72.0
2019,Tulsa,American Athletic,-2.5,73.0
2019,California,ACC,-2.6,74.0
2019,Liberty,Conference USA,-2.6,74.0
2019,Arkansas State,Sun Belt,-2.9,76.0
2019,Syracuse,ACC,-3.0,77.0
2019,UCLA,Big Ten,-3.9,78.0
2019,Colorado State,Pac-12,-3.9,78.0
2019,Fresno State,Pac-12,-4.0,80.0
2019,Colorado,Big 12,-4.1,81.0
2019,Houston,Big 12,-4.3,82.0
2019,Utah State,Pac-12,-4.3,82.0
2019,Troy,Sun Belt,-4.4,84.0
2019,Central Michigan,Mid-American,-4.4,84.0
2019,Ball State,Mid-American,-4.5,86.0
2019,Georgia Southern,Sun Belt,-4.5,86.0
2019,Stanford,ACC,-4.7,88.0
2019,Southern Miss,Sun Belt,-4.8,89.0
2019,Western Michigan,Mid-American,-4.9,90.0
2019,Northwestern,Big Ten,-5.5,91.0
2019,Boston College,ACC,-5.7,92.0
2019,North Texas,American Athletic,-6.1,93.0
2019,NC State,ACC,-6.3,94.0
2019,Charlotte,American Athletic,-6.3,94.0
2019,Maryland,Big Ten,-6.3,94.0
2019,West Virginia,Big 12,-7.0,97.0
2019,Florida International,Conference USA,-7.0,97.0
2019,San José State,Mountain West,-7.2,99.0
2019,Arizona,Big 12,-8.0,100.0
2019,Eastern Michigan,Mid-American,-8.6,101.0
2019,Miami (OH),Mid-American,-9.2,102.0
2019,South Florida,American Athletic,-9.8,103.0
2019,Kansas,Big 12,-9.8,103.0
2019,Kent State,Mid-American,-10.2,105.0
2019,Vanderbilt,SEC,-10.4,106.0
2019,Georgia State,Sun Belt,-10.5,107.0
2019,Arkansas,SEC,-10.6,108.0
2019,UL Monroe,Sun Belt,-10.7,109.0
2019,Middle Tennessee,Conference USA,-11.3,110.0
2019,Georgia Tech,ACC,-12.0,111.0
2019,Nevada,Mountain West,-12.3,112.0
2019,Coastal Carolina,Sun Belt,-12.8,113.0
2019,Toledo,Mid-American,-13.7,114.0
2019,Northern Illinois,Mountain West,-13.9,115.0
2019,East Carolina,American Athletic,-14.0,116.0
2019,Rutgers,Big Ten,-14.6,117.0
2019,Texas State,Pac-12,-16.2,118.0
2019,New Mexico,Mountain West,-17.0,119.0
2019,UNLV,Mountain West,-17.4,120.0
2019,Rice,American Athletic,-18.0,121.0
2019,South Alabama,Sun Belt,-20.3,122.0
2019,New Mexico State,Conference USA,-22.0,123.0
2019,UTSA,American Athletic,-23.7,124.0
2019,UConn,FBS Independents,-24.4,125.0
2019,Old Dominion,Sun Belt,-24.4,125.0
2019,UTEP,Mountain West,-25.6,127.0
2019,Bowling Green,Mid-American,-27.5,128.0
2019,Akron,Mid-American,-29.8,129.0
2019,Massachusetts,Mid-American,-34.6,130.0
2019,nationalAverages,,0.7595419847328244,
2020,Ohio State,Big Ten,28.4,1.0
2020,Alabama,SEC,28.3,2.0
2020,Wisconsin,Big Ten,26.5,3.0
2020,Clemson,ACC,26.1,4.0
2020,Notre Dame,FBS Independents,21.0,5.0
2020,Florida,SEC,19.8,6.0
2020,BYU,Big 12,19.2,7.0
2020,Georgia,SEC,19.1,8.0
2020,Cincinnati,Big 12,18.6,9.0
2020,Oregon,Big Ten,18.1,10.0
2020,North Carolina,ACC,18.0,11.0
2020,Oklahoma,SEC,17.8,12.0
2020,Iowa,Big Ten,16.3,13.0
2020,Texas A&M,SEC,16.2,14.0
2020,Oklahoma State,Big 12,14.2,15.0
2020,Penn State,Big Ten,13.9,16.0
2020,Virginia Tech,ACC,13.7,17.0
2020,UCF,Big 12,13.6,18.0
2020,Iowa State,Big 12,13.3,19.0
2020,Miami,ACC,12.8,20.0
2020,Auburn,SEC,12.6,21.0
2020,USC,Big Ten,12.4,22.0
2020,Utah,Big 12,11.9,23.0
2020,Washington,Big Ten,11.7,24.0
2020,Arizona State,Big 12,11.4,25.0
2020,Indiana,Big Ten,11.2,26.0
2020,Michigan,Big Ten,10.7,27.0
2020,App State,Sun Belt,10.3,28.0
2020,Texas,SEC,9.7,29.0
2020,Marshall,Sun Belt,9.5,30.0
2020,SMU,ACC,9.2,31.0
2020,Northwestern,Big Ten,9.0,32.0
2020,West Virginia,Big 12,8.5,33.0
2020,Louisiana,Sun Belt,8.1,34.0
2020,Nebraska,Big Ten,7.7,35.0
2020,Boise State,Pac-12,6.7,36.0
2020,Coastal Carolina,Sun Belt,6.6,37.0
2020,Louisville,ACC,6.5,38.0
2020,Liberty,Conference USA,6.5,38.0
2020,UAB,American Athletic,6.3,40.0
2020,LSU,SEC,6.0,41.0
2020,Pittsburgh,ACC,6.0,41.0
2020,Purdue,Big Ten,5.9,43.0
2020,Memphis,American Athletic,5.7,44.0
2020,Tulsa,American Athletic,5.6,45.0
2020,San Diego State,Pac-12,5.3,46.0
2020,Ole Miss,SEC,4.8,47.0
2020,Minnesota,Big Ten,4.7,48.0
2020,Tulane,American Athletic,4.2,49.0
2020,Washington State,Pac-12,4.2,49.0
2020,Houston,Big 12,3.3,51.0
2020,Army,American Athletic,2.7,52.0
2020,California,ACC,2.4,53.0
2020,Troy,Sun Belt,2.3,54.0
2020,Kentucky,SEC,2.2,55.0
2020,Kansas State,Big 12,2.0,56.0
2020,Nevada,Mountain West,1.9,57.0
2020,Arkansas,SEC,1.6,58.0
2020,Stanford,ACC,1.6,58.0
2020,TCU,Big 12,1.6,58.0
2020,Buffalo,Mid-American,1.4,61.0
2020,Baylor,Big 12,1.3,62.0
2020,Tennessee,SEC,0.9,63.0
2020,Virginia,ACC,0.9,63.0
2020,Boston College,ACC,0.9,63.0
2020,Wake Forest,ACC,0.8,66.0
2020,Western Michigan,Mid-American,0.6,67.0
2020,Georgia Southern,Sun Belt,0.2,68.0
2020,San José State,Mountain West,0.1,69.0
2020,NC State,ACC,0.0,70.0
2020,Maryland,Big Ten,-0.1,71.0
2020,Florida Atlantic,American Athletic,-0.3,72.0
2020,Colorado,Big 12,-0.4,73.0
2020,Oregon State,Pac-12,-0.7,74.0
2020,Missouri,SEC,-1.0,75.0
2020,Georgia Tech,ACC,-1.0,75.0
2020,UCLA,Big Ten,-1.1,77.0
2020,Mississippi State,SEC,-1.4,78.0
2020,Central Michigan,Mid-American,-1.8,79.0
2020,South Carolina,SEC,-2.4,80.0
2020,Michigan State,Big Ten,-2.4,80.0
2020,Wyoming,Mountain West,-2.5,82.0
2020,Ohio,Mid-American,-3.2,83.0
2020,Western Kentucky,Conference USA,-3.2,83.0
2020,Arizona,Big 12,-3.5,85.0
2020,Toledo,Mid-American,-3.6,86.0
2020,Duke,ACC,-4.2,87.0
2020,Texas Tech,Big 12,-4.2,87.0
2020,Florida State,ACC,-4.9,89.0
2020,Illinois,Big Ten,-5.4,90.0
2020,Fresno State,Pac-12,-5.5,91.0
2020,Air Force,Mountain West,-5.6,92.0
2020,Georgia State,Sun Belt,-5.7,93.0
2020,Arkansas State,Sun Belt,-6.5,94.0
2020,Colorado State,Pac-12,-6.5,94.0
2020,Charlotte,American Athletic,-6.6,96.0
2020,Ball State,Mid-American,-6.7,97.0
2020,Louisiana Tech,Conference USA,-7.0,98.0
2020,Hawai'i,Mountain West,-7.1,99.0
2020,Kent State,Mid-American,-7.5,100.0
2020,Southern Miss,Sun Belt,-7.9,101.0
2020,North Texas,American Athletic,-8.0,102.0
2020,Rice,American Athletic,-9.2,103.0
2020,Navy,American Athletic,-9.3,104.0
2020,UTSA,American Athletic,-9.6,105.0
2020,Syracuse,ACC,-9.8,106.0
2020,Temple,American Athletic,-10.0,107.0
2020,Rutgers,Big Ten,-10.5,108.0
2020,Florida International,Conference USA,-10.7,109.0
2020,East Carolina,American Athletic,-11.0,110.0
2020,South Alabama,Sun Belt,-11.3,111.0
2020,South Florida,American Athletic,-11.4,112.0
2020,Middle Tennessee,Conference USA,-11.7,113.0
2020,Eastern Michigan,Mid-American,-12.2,114.0
2020,Miami (OH),Mid-American,-12.9,115.0
2020,Texas State,Pac-12,-13.4,116.0
2020,New Mexico,Mountain West,-15.0,117.0
2020,Old Dominion,Sun Belt,-15.9,118.0
2020,Kansas,Big 12,-16.3,119.0
2020,Utah State,Pac-12,-16.7,120.0
2020,Vanderbilt,SEC,-16.8,121.0
2020,Northern Illinois,Mountain West,-18.4,122.0
2020,UL Monroe,Sun Belt,-18.4,122.0
2020,UTEP,Mountain West,-18.6,124.0
2020,UNLV,Mountain West,-19.7,125.0
2020,UConn,FBS Independents,-22.3,126.0
2020,Akron,Mid-American,-23.7,127.0
2020,Bowling Green,Mid-American,-26.2,128.0
2020,Massachusetts,Mid-American,-31.3,129.0
2020,New Mexico State,Conference USA,-31.5,130.0
2020,nationalAverages,,0.482442748091603,
2021,Georgia,SEC,32.0,1.0
2021,Ohio State,Big Ten,29.3,2.0
2021,Alabama,SEC,26.0,3.0
2021,Michigan,Big Ten,23.4,4.0
2021,Cincinnati,Big 12,21.2,5.0
2021,Texas A&M,SEC,21.1,6.0
2021,Wisconsin,Big Ten,20.1,7.0
2021,Clemson,ACC,18.7,8.0
2021,Pittsburgh,ACC,17.6,9.0
2021,Tennessee,SEC,17.5,10.0
2021,Notre Dame,FBS Independents,17.4,11.0
2021,Oklahoma State,Big 12,17.2,12.0
2021,Oklahoma,SEC,16.8,13.0
2021,NC State,ACC,16.1,14.0
2021,Baylor,Big 12,15.6,15.0
2021,Utah,Big 12,15.2,16.0
2021,Ole Miss,SEC,14.8,17.0
2021,Minnesota,Big Ten,14.4,18.0
2021,Iowa State,Big 12,14.3,19.0
2021,Penn State,Big Ten,14.3,19.0
2021,Kansas State,Big 12,14.2,21.0
2021,Arkansas,SEC,13.8,22.0
2021,Kentucky,SEC,13.4,23.0
2021,Western Kentucky,Conference USA,13.3,24.0
2021,Coastal Carolina,Sun Belt,13.2,25.0
2021,Arizona State,Big 12,11.8,26.0
2021,Iowa,Big Ten,11.4,27.0
2021,Michigan State,Big Ten,11.2,28.0
2021,Florida,SEC,11.0,29.0
2021,Auburn,SEC,11.0,29.0
2021,Houston,Big 12,10.9,31.0
2021,Miami,ACC,10.8,32.0
2021,Fresno State,Pac-12,10.8,32.0
2021,Mississippi State,SEC,10.5,34.0
2021,App State,Sun Belt,10.3,35.0
2021,Nebraska,Big Ten,10.3,35.0
2021,Purdue,Big Ten,10.3,35.0
2021,Oregon,Big Ten,10.2,38.0
2021,Wake Forest,ACC,10.1,39.0
2021,Texas Tech,Big 12,9.8,40.0
2021,UCLA,Big Ten,9.4,41.0
2021,Boise State,Pac-12,9.4,41.0
2021,UAB,American Athletic,9.1,43.0
2021,Oregon State,Pac-12,8.9,44.0
2021,SMU,ACC,8.9,44.0
2021,BYU,Big 12,8.9,44.0
2021,Louisiana,Sun Belt,8.7,47.0
2021,Texas,SEC,8.5,48.0
2021,Liberty,Conference USA,8.4,49.0
2021,San Diego State,Pac-12,8.3,50.0
2021,Marshall,Sun Belt,8.0,51.0
2021,Louisville,ACC,7.8,52.0
2021,Florida State,ACC,7.6,53.0
2021,Air Force,Mountain West,7.4,54.0
2021,Virginia,ACC,7.2,55.0
2021,Toledo,Mid-American,6.9,56.0
2021,Washington State,Pac-12,6.7,57.0
2021,UTSA,American Athletic,6.5,58.0
2021,North Carolina,ACC,6.4,59.0
2021,Maryland,Big Ten,6.2,60.0
2021,Tulsa,American Athletic,5.8,61.0
2021,UCF,Big 12,4.8,62.0
2021,Army,American Athletic,4.7,63.0
2021,Illinois,Big Ten,4.3,64.0
2021,LSU,SEC,4.1,65.0
2021,South Carolina,SEC,3.9,66.0
2021,Nevada,Mountain West,3.6,67.0
2021,California,ACC,3.4,68.0
2021,Missouri,SEC,3.1,69.0
2021,Virginia Tech,ACC,2.4,70.0
2021,Georgia State,Sun Belt,1.8,71.0
2021,West Virginia,Big 12,1.8,71.0
2021,Miami (OH),Mid-American,1.5,73.0
2021,Memphis,American Athletic,1.0,74.0
2021,Boston College,ACC,0.9,75.0
2021,Wyoming,Mountain West,0.6,76.0
2021,Western Michigan,Mid-American,0.6,76.0
2021,East Carolina,American Athletic,0.5,78.0
2021,Syracuse,ACC,0.3,79.0
2021,Utah State,Pac-12,0.1,80.0
2021,USC,Big Ten,-0.6,81.0
2021,TCU,Big 12,-0.6,81.0
2021,Washington,Big Ten,-0.7,83.0
2021,Central Michigan,Mid-American,-1.0,84.0
2021,San José State,Mountain West,-1.9,85.0
2021,Hawai'i,Mountain West,-2.3,86.0
2021,Colorado State,Pac-12,-2.4,87.0
2021,Rutgers,Big Ten,-3.0,88.0
2021,Tulane,American Athletic,-3.9,89.0
2021,Middle Tennessee,Conference USA,-4.0,90.0
2021,UTEP,Mountain West,-4.2,91.0
2021,Florida Atlantic,American Athletic,-5.2,92.0
2021,Kent State,Mid-American,-6.4,93.0
2021,North Texas,American Athletic,-6.5,94.0
2021,Troy,Sun Belt,-6.5,94.0
2021,Georgia Tech,ACC,-6.7,96.0
2021,Northern Illinois,Mountain West,-7.1,97.0
2021,South Alabama,Sun Belt,-7.2,98.0
2021,Old Dominion,Sun Belt,-7.4,99.0
2021,Indiana,Big Ten,-7.8,100.0
2021,Eastern Michigan,Mid-American,-7.8,100.0
2021,Navy,American Athletic,-8.5,102.0
2021,Buffalo,Mid-American,-9.5,103.0
2021,Colorado,Big 12,-10.0,104.0
2021,Stanford,ACC,-10.2,105.0
2021,Northwestern,Big Ten,-11.1,106.0
2021,Ball State,Mid-American,-11.2,107.0
2021,Louisiana Tech,Conference USA,-11.6,108.0
2021,Ohio,Mid-American,-11.6,108.0
2021,South Florida,American Athletic,-12.1,110.0
2021,Bowling Green,Mid-American,-12.4,111.0
2021,Arizona,Big 12,-12.6,112.0
2021,Duke,ACC,-13.5,113.0
2021,Charlotte,American Athletic,-13.7,114.0
2021,UNLV,Mountain West,-13.8,115.0
2021,Southern Miss,Sun Belt,-14.2,116.0
2021,Georgia Southern,Sun Belt,-15.3,117.0
2021,Texas State,Pac-12,-16.0,118.0
2021,Arkansas State,Sun Belt,-17.9,119.0
2021,New Mexico,Mountain West,-18.6,120.0
2021,Temple,American Athletic,-19.1,121.0
2021,Vanderbilt,SEC,-19.4,122.0
2021,Kansas,Big 12,-19.7,123.0
2021,UL Monroe,Sun Belt,-20.3,124.0
2021,Florida International,Conference USA,-21.6,125.0
2021,Rice,American Athletic,-22.9,126.0
2021,Akron,Mid-American,-23.1,127.0
2021,New Mexico State,Conference USA,-24.2,128.0
2021,UConn,FBS Independents,-25.6,129.0
2021,Massachusetts,Mid-American,-29.3,130.0
2021,nationalAverages,,1.9807692307692308,
2022,Georgia,SEC,35.3,1.0
2022,Michigan,Big Ten,32.0,2.0
2022,Ohio State,Big Ten,31.1,3.0
2022,Alabama,SEC,30.3,4.0
2022,Tennessee,SEC,25.2,5.0
2022,TCU,Big 12,24.3,6.0
2022,Texas,SEC,23.1,7.0
2022,Penn State,Big Ten,22.4,8.0
2022,Kansas State,Big 12,21.4,9.0
2022,Utah,Big 12,19.2,10.0
2022,Oregon,Big Ten,18.9,11.0
2022,USC,Big Ten,18.9,11.0
2022,Clemson,ACC,17.6,13.0
2022,LSU,SEC,16.2,14.0
2022,Ole Miss,SEC,16.2,14.0
2022,Minnesota,Big Ten,16.0,16.0
2022,Illinois,Big Ten,15.9,17.0
2022,Washington,Big Ten,15.7,18.0
2022,Oklahoma,SEC,15.4,19.0
2022,Mississippi State,SEC,15.4,19.0
2022,UCLA,Big Ten,15.0,21.0
2022,Oregon State,Pac-12,14.3,22.0
2022,Florida State,ACC,13.2,23.0
2022,Cincinnati,Big 12,13.1,24.0
2022,Kentucky,SEC,13.0,25.0
2022,South Carolina,SEC,12.7,26.0
2022,Iowa,Big Ten,12.7,26.0
2022,Tulane,American Athletic,12.4,28.0
2022,Arkansas,SEC,12.0,29.0
2022,Baylor,Big 12,11.7,30.0
2022,Oklahoma State,Big 12,11.3,31.0
2022,Maryland,Big Ten,11.2,32.0
2022,South Alabama,Sun Belt,10.8,33.0
2022,Florida,SEC,10.4,34.0
2022,Notre Dame,FBS Independents,10.3,35.0
2022,UCF,Big 12,10.3,35.0
2022,Washington State,Pac-12,9.5,37.0
2022,Texas A&M,SEC,9.1,38.0
2022,Louisville,ACC,9.0,39.0
2022,Pittsburgh,ACC,8.6,40.0
2022,Texas Tech,Big 12,8.5,41.0
2022,Wisconsin,Big Ten,8.3,42.0
2022,Wake Forest,ACC,8.2,43.0
2022,Troy,Sun Belt,8.1,44.0
2022,Missouri,SEC,8.1,44.0
2022,North Carolina,ACC,7.8,46.0
2022,Purdue,Big Ten,7.7,47.0
2022,UTSA,American Athletic,7.2,48.0
2022,Memphis,American Athletic,6.8,49.0
2022,NC State,ACC,6.8,49.0
2022,James Madison,Sun Belt,6.5,51.0
2022,Boise State,Pac-12,5.7,52.0
2022,Iowa State,Big 12,5.3,53.0
2022,Auburn,SEC,5.1,54.0
2022,Duke,ACC,5.0,55.0
2022,SMU,ACC,4.7,56.0
2022,Houston,Big 12,4.5,57.0
2022,Air Force,Mountain West,3.9,58.0
2022,Fresno State,Pac-12,3.3,59.0
2022,Marshall,Sun Belt,3.0,60.0
2022,Kansas,Big 12,2.9,61.0
2022,Syracuse,ACC,2.5,62.0
2022,West Virginia,Big 12,2.4,63.0
2022,Louisiana,Sun Belt,2.0,64.0
2022,App State,Sun Belt,1.7,65.0
2022,Western Kentucky,Conference USA,1.7,65.0
2022,Michigan State,Big Ten,1.2,67.0
2022,East Carolina,American Athletic,1.1,68.0
2022,Coastal Carolina,Sun Belt,0.6,69.0
2022,UAB,American Athletic,-0.5,70.0
2022,Nebraska,Big Ten,-1.2,71.0
2022,BYU,Big 12,-1.4,72.0
2022,Army,American Athletic,-1.5,73.0
2022,North Texas,American Athletic,-1.5,73.0
2022,Liberty,Conference USA,-1.5,73.0
2022,Miami,ACC,-2.7,76.0
2022,California,ACC,-3.0,77.0
2022,Arizona,Big 12,-3.2,78.0
2022,Georgia State,Sun Belt,-3.3,79.0
2022,Southern Miss,Sun Belt,-3.5,80.0
2022,Toledo,Mid-American,-3.7,81.0
2022,Arizona State,Big 12,-4.1,82.0
2022,San José State,Mountain West,-4.3,83.0
2022,San Diego State,Pac-12,-4.4,84.0
2022,Ohio,Mid-American,-4.6,85.0
2022,Vanderbilt,SEC,-4.7,86.0
2022,Tulsa,American Athletic,-6.1,87.0
2022,Georgia Southern,Sun Belt,-6.4,88.0
2022,Middle Tennessee,Conference USA,-6.9,89.0
2022,Indiana,Big Ten,-7.1,90.0
2022,Eastern Michigan,Mid-American,-7.1,90.0
2022,Florida Atlantic,American Athletic,-7.1,90.0
2022,Stanford,ACC,-7.2,93.0
2022,Navy,American Athletic,-7.2,93.0
2022,Virginia,ACC,-9.0,95.0
2022,Rutgers,Big Ten,-9.1,96.0
2022,Buffalo,Mid-American,-9.2,97.0
2022,Virginia Tech,ACC,-9.5,98.0
2022,UTEP,Mountain West,-10.7,99.0
2022,Wyoming,Mountain West,-10.8,100.0
2022,Texas State,Pac-12,-11.5,101.0
2022,Georgia Tech,ACC,-11.8,102.0
2022,UNLV,Mountain West,-11.9,103.0
2022,Miami (OH),Mid-American,-12.7,104.0
2022,Temple,American Athletic,-12.9,105.0
2022,Arkansas State,Sun Belt,-13.0,106.0
2022,Old Dominion,Sun Belt,-13.0,106.0
2022,Kent State,Mid-American,-13.1,108.0
2022,Utah State,Pac-12,-13.3,109.0
2022,Northwestern,Big Ten,-13.4,110.0
2022,Central Michigan,Mid-American,-14.0,111.0
2022,UConn,FBS Independents,-14.6,112.0
2022,Boston College,ACC,-14.9,113.0
2022,Ball State,Mid-American,-14.9,113.0
2022,Rice,American Athletic,-15.2,115.0
2022,New Mexico State,Conference USA,-15.4,116.0
2022,UL Monroe,Sun Belt,-15.7,117.0
2022,Charlotte,American Athletic,-16.4,118.0
2022,South Florida,American Athletic,-17.0,119.0
2022,Western Michigan,Mid-American,-17.3,120.0
2022,Louisiana Tech,Conference USA,-17.8,121.0
2022,Bowling Green,Mid-American,-18.1,122.0
2022,Northern Illinois,Mountain West,-18.8,123.0
2022,Colorado,Big 12,-20.4,124.0
2022,Colorado State,Pac-12,-22.2,125.0
2022,Nevada,Mountain West,-22.4,126.0
2022,Akron,Mid-American,-23.4,127.0
2022,Hawai'i,Mountain West,-24.7,128.0
2022,Florida International,Conference USA,-25.5,129.0
2022,New Mexico,Mountain West,-26.9,130.0
2022,Massachusetts,Mid-American,-30.3,131.0
2022,nationalAverages,,0.8145038167938932,
2023,Michigan,Big Ten,31.3,1.0
2023,Georgia,SEC,31.2,2.0
2023,Oregon,Big Ten,26.2,3.0
2023,Ohio State,Big Ten,25.2,4.0
2023,Penn State,Big Ten,23.5,5.0
2023,Texas,SEC,23.2,6.0
2023,Alabama,SEC,23.1,7.0
2023,Notre Dame,FBS Independents,20.1,8.0
2023,Florida State,ACC,19.4,9.0
2023,Missouri,SEC,19.3,10.0
2023,LSU,SEC,19.1,11.0
2023,Ole Miss,SEC,18.4,12.0
2023,Washington,Big Ten,16.4,13.0
2023,Tennessee,SEC,16.2,14.0
2023,Kansas State,Big 12,16.2,14.0
2023,Texas A&M,SEC,15.6,16.0
2023,Oklahoma,SEC,15.0,17.0
2023,Arizona,Big 12,14.1,18.0
2023,Oregon State,Pac-12,12.6,19.0
2023,James Madison,Sun Belt,11.8,20.0
2023,Maryland,Big Ten,11.0,21.0
2023,Kentucky,SEC,10.5,22.0
2023,Clemson,ACC,10.5,22.0
2023,SMU,ACC,10.1,24.0
2023,Kansas,Big 12,9.9,25.0
2023,Troy,Sun Belt,9.8,26.0
2023,UCLA,Big Ten,9.7,27.0
2023,Miami,ACC,9.6,28.0
2023,Duke,ACC,9.4,29.0
2023,USC,Big Ten,9.4,29.0
2023,Wisconsin,Big Ten,9.4,29.0
2023,Utah,Big 12,8.5,32.0
2023,Liberty,Conference USA,8.0,33.0
2023,Louisville,ACC,8.0,33.0
2023,TCU,Big 12,7.9,35.0
2023,Auburn,SEC,7.6,36.0
2023,Iowa State,Big 12,7.5,37.0
2023,West Virginia,Big 12,7.5,37.0
2023,NC State,ACC,7.4,39.0
2023,North Carolina,ACC,7.4,39.0
2023,Florida,SEC,6.8,41.0
2023,Oklahoma State,Big 12,6.7,42.0
2023,Texas Tech,Big 12,6.1,43.0
2023,Boise State,Pac-12,5.9,44.0
2023,Air Force,Mountain West,5.9,44.0
2023,Virginia Tech,ACC,5.8,46.0
2023,Iowa,Big Ten,5.8,46.0
2023,UTSA,American Athletic,5.4,48.0
2023,South Alabama,Sun Belt,5.1,49.0
2023,Washington State,Pac-12,4.9,50.0
2023,South Carolina,SEC,4.3,51.0
2023,App State,Sun Belt,3.8,52.0
2023,Toledo,Mid-American,3.7,53.0
2023,Memphis,American Athletic,3.5,54.0
2023,Rutgers,Big Ten,3.5,54.0
2023,Arkansas,SEC,3.5,54.0
2023,UCF,Big 12,3.4,57.0
2023,Tulane,American Athletic,2.8,58.0
2023,Miami (OH),Mid-American,2.8,58.0
2023,Fresno State,Pac-12,2.5,60.0
2023,UNLV,Mountain West,1.4,61.0
2023,Mississippi State,SEC,0.5,62.0
2023,Louisiana,Sun Belt,0.4,63.0
2023,Minnesota,Big Ten,0.4,63.0
2023,Georgia Tech,ACC,0.3,65.0
2023,Nebraska,Big Ten,0.3,65.0
2023,California,ACC,-0.1,67.0
2023,Coastal Carolina,Sun Belt,-1.2,68.0
2023,Northwestern,Big Ten,-1.3,69.0
2023,Jacksonville State,Conference USA,-1.6,70.0
2023,Ohio,Mid-American,-1.6,70.0
2023,Texas State,Pac-12,-1.6,70.0
2023,New Mexico State,Conference USA,-1.8,73.0
2023,Western Kentucky,Conference USA,-2.0,74.0
2023,Illinois,Big Ten,-2.5,75.0
2023,BYU,Big 12,-3.3,76.0
2023,San José State,Mountain West,-3.4,77.0
2023,Wyoming,Mountain West,-3.6,78.0
2023,Army,American Athletic,-4.0,79.0
2023,Syracuse,ACC,-4.4,80.0
2023,Colorado,Big 12,-4.9,81.0
2023,Georgia Southern,Sun Belt,-5.2,82.0
2023,Boston College,ACC,-5.9,83.0
2023,Arkansas State,Sun Belt,-6.3,84.0
2023,South Florida,American Athletic,-6.6,85.0
2023,North Texas,American Athletic,-6.7,86.0
2023,Cincinnati,Big 12,-6.8,87.0
2023,Georgia State,Sun Belt,-6.8,87.0
2023,Michigan State,Big Ten,-6.8,87.0
2023,Pittsburgh,ACC,-7.3,90.0
2023,Purdue,Big Ten,-7.3,90.0
2023,Indiana,Big Ten,-7.4,92.0
2023,Northern Illinois,Mountain West,-7.5,93.0
2023,Houston,Big 12,-7.8,94.0
2023,Bowling Green,Mid-American,-7.8,94.0
2023,Wake Forest,ACC,-7.9,96.0
2023,Baylor,Big 12,-8.3,97.0
2023,Colorado State,Pac-12,-8.9,98.0
2023,Marshall,Sun Belt,-9.0,99.0
2023,Florida Atlantic,American Athletic,-9.4,100.0
2023,Middle Tennessee,Conference USA,-9.5,101.0
2023,Old Dominion,Sun Belt,-10.1,102.0
2023,Rice,American Athletic,-10.2,103.0
2023,San Diego State,Pac-12,-10.3,104.0
2023,Virginia,ACC,-10.8,105.0
2023,Utah State,Pac-12,-10.9,106.0
2023,Arizona State,Big 12,-11.3,107.0
2023,Stanford,ACC,-11.9,108.0
2023,Eastern Michigan,Mid-American,-12.3,109.0
2023,Vanderbilt,SEC,-12.7,110.0
2023,East Carolina,American Athletic,-12.8,111.0
2023,Louisiana Tech,Conference USA,-12.9,112.0
2023,Tulsa,American Athletic,-13.7,113.0
2023,Navy,American Athletic,-13.7,113.0
2023,Sam Houston,Conference USA,-13.8,115.0
2023,Southern Miss,Sun Belt,-14.4,116.0
2023,UAB,American Athletic,-14.7,117.0
2023,Ball State,Mid-American,-14.9,118.0
2023,Buffalo,Mid-American,-15.2,119.0
2023,UConn,FBS Independents,-15.6,120.0
2023,Western Michigan,Mid-American,-15.9,121.0
2023,UTEP,Mountain West,-16.2,122.0
2023,Hawai'i,Mountain West,-16.4,123.0
2023,New Mexico,Mountain West,-16.5,124.0
2023,Massachusetts,Mid-American,-17.5,125.0
2023,Central Michigan,Mid-American,-19.1,126.0
2023,Temple,American Athletic,-21.0,127.0
2023,Florida International,Conference USA,-21.2,128.0
2023,Charlotte,American Athletic,-21.4,129.0
2023,Akron,Mid-American,-21.6,130.0
2023,UL Monroe,Sun Belt,-21.6,130.0
2023,Nevada,Mountain West,-22.0,132.0
2023,Kent State,Mid-American,-26.3,133.0
2023,nationalAverages,,-0.0969924812030075,
